price,area,bedrooms,bathrooms,stories,mainroad,guestroom,basement,hotwaterheating,airconditioning,parking,prefarea,furnishingstatus,location,property_age_years,year_built,property_type,sale_date,local_market_index,comparable_sale_price,price_per_sqft,age_band
13300000,7420,4,2,3,yes,no,no,no,yes,2,yes,furnished,Mumbai,14,2012,Villa,2026-06-25,188.6,9317583.0,1792.45,6-15yrs
12250000,8960,4,4,4,yes,no,no,no,yes,3,no,furnished,Delhi NCR,17,2009,Villa,2025-06-22,172.2,7372050.0,1367.19,16-30yrs
12250000,9960,3,2,2,yes,no,yes,no,no,2,yes,semi-furnished,Mumbai,22,2004,Independent House,2025-04-24,187.8,7824091.0,1229.92,16-30yrs
12215000,7500,4,2,2,yes,no,yes,no,yes,3,yes,furnished,Mumbai,14,2012,Independent House,2025-07-25,187.5,9408000.0,1628.67,6-15yrs
11410000,7420,4,1,2,yes,yes,yes,no,yes,2,no,furnished,Mumbai,1,2025,Independent House,2025-06-01,184.0,9475083.0,1537.74,0-5yrs
10850000,7500,3,3,1,yes,no,yes,no,yes,2,yes,semi-furnished,Delhi NCR,12,2014,Independent House,2025-04-28,170.1,7575242.0,1446.67,6-15yrs
10150000,8580,4,3,4,yes,no,no,no,yes,2,yes,semi-furnished,Mumbai,34,1992,Villa,2026-05-17,180.6,9580083.0,1182.98,31-45yrs
10150000,16200,5,3,2,yes,no,no,no,no,0,no,unfurnished,Mumbai,33,1993,Independent House,2026-05-01,184.7,8260000.0,626.54,31-45yrs
9870000,8100,4,1,2,yes,yes,yes,no,yes,2,yes,furnished,Mumbai,1,2025,Independent House,2025-10-29,188.6,9603417.0,1218.52,0-5yrs
9800000,5750,3,2,4,yes,yes,no,no,yes,1,yes,unfurnished,Delhi NCR,2,2024,Independent House,2024-11-18,168.0,7609113.0,1704.35,0-5yrs
9800000,13200,3,1,2,yes,no,yes,no,yes,2,yes,furnished,Mumbai,31,1995,Independent House,2026-04-03,188.1,8046818.0,742.42,31-45yrs
9681000,6000,4,3,2,yes,yes,yes,yes,no,2,no,semi-furnished,Mumbai,4,2022,Independent House,2025-11-28,185.3,9619167.0,1613.5,0-5yrs
9310000,6550,4,2,2,yes,no,no,no,yes,1,yes,semi-furnished,Mumbai,3,2023,Independent House,2025-09-23,180.8,9650083.0,1421.37,0-5yrs
9240000,3500,4,2,2,yes,no,no,yes,no,2,no,furnished,Mumbai,27,1999,Independent House,2026-02-07,181.7,9655917.0,2640.0,16-30yrs
9240000,7800,3,2,2,yes,no,no,no,no,0,yes,semi-furnished,Delhi NCR,30,1996,Independent House,2025-08-29,172.8,7627177.0,1184.62,16-30yrs
9100000,6000,4,1,2,yes,no,yes,no,no,2,no,semi-furnished,Mumbai,35,1991,Independent House,2024-12-10,186.7,9667583.0,1516.67,31-45yrs
9100000,6600,4,2,2,yes,yes,yes,no,yes,1,yes,unfurnished,Delhi NCR,37,1989,Independent House,2025-11-05,170.3,7687050.0,1378.79,31-45yrs
8960000,8500,3,2,4,yes,no,no,no,yes,2,no,furnished,Delhi NCR,8,2018,Villa,2025-12-25,169.2,7636210.0,1054.12,6-15yrs
8890000,4600,3,2,2,yes,yes,no,no,yes,2,no,furnished,Delhi NCR,5,2021,Independent House,2026-02-13,170.6,7638468.0,1932.61,0-5yrs
8855000,6420,3,2,2,yes,no,no,no,yes,1,yes,semi-furnished,Mumbai,27,1999,Independent House,2025-12-04,187.6,8132727.0,1379.28,16-30yrs
8750000,4320,3,1,2,yes,no,yes,yes,no,2,no,semi-furnished,Delhi NCR,19,2007,Independent House,2026-03-20,174.4,7642984.0,2025.46,16-30yrs
8680000,7155,3,2,1,yes,yes,yes,no,yes,2,no,unfurnished,Mumbai,14,2012,Independent House,2026-03-05,189.6,8148636.0,1213.14,6-15yrs
8645000,8050,3,1,1,yes,yes,yes,no,yes,1,no,furnished,Delhi NCR,11,2015,Independent House,2025-12-30,171.1,7646371.0,1073.91,6-15yrs
8645000,4560,3,2,2,yes,yes,yes,no,yes,1,no,furnished,Delhi NCR,20,2006,Independent House,2026-06-20,169.5,7646371.0,1895.83,16-30yrs
8575000,8800,3,2,2,yes,no,no,no,yes,2,no,furnished,Delhi NCR,18,2008,Independent House,2026-05-03,170.4,7648629.0,974.43,16-30yrs
8540000,6540,4,2,2,yes,yes,yes,no,yes,2,yes,furnished,Delhi NCR,29,1997,Independent House,2025-12-24,171.6,7743050.0,1305.81,16-30yrs
8463000,6000,3,2,4,yes,yes,yes,no,yes,0,yes,semi-furnished,Delhi NCR,23,2003,Independent House,2026-02-16,171.6,7652242.0,1410.5,16-30yrs
8400000,8875,3,1,1,yes,no,no,no,no,1,no,semi-furnished,Delhi NCR,23,2003,Independent House,2026-03-28,173.9,7654274.0,946.48,16-30yrs
8400000,7950,5,2,2,yes,no,yes,yes,no,2,no,unfurnished,Mumbai,9,2017,Independent House,2025-08-14,191.3,9135000.0,1056.6,6-15yrs
8400000,5500,4,2,2,yes,no,yes,no,yes,1,yes,semi-furnished,Mumbai,9,2017,Independent House,2025-09-15,184.4,9725917.0,1527.27,6-15yrs
8400000,7475,3,2,4,yes,no,no,no,yes,2,no,unfurnished,Delhi NCR,1,2025,Villa,2026-05-23,176.5,7654274.0,1123.75,0-5yrs
8400000,7000,3,1,4,yes,no,no,no,yes,2,no,semi-furnished,Delhi NCR,1,2025,Villa,2025-01-26,173.5,7654274.0,1200.0,0-5yrs
8295000,4880,4,2,2,yes,no,no,no,yes,1,yes,furnished,Mumbai,26,2000,Independent House,2026-01-17,184.7,9734667.0,1699.8,16-30yrs
8190000,5960,3,3,2,yes,yes,yes,no,no,1,no,unfurnished,Mumbai,32,1994,Independent House,2025-08-03,189.5,8193182.0,1374.16,31-45yrs
8120000,6840,5,1,2,yes,yes,yes,no,yes,1,no,furnished,Mumbai,17,2009,Independent House,2025-12-07,190.1,9275000.0,1187.13,16-30yrs
8080940,7000,3,2,4,yes,no,no,no,yes,2,no,furnished,Bengaluru,32,1994,Villa,2024-07-07,148.6,6532680.0,1154.42,31-45yrs
8043000,7482,3,2,3,yes,no,no,yes,no,1,yes,furnished,Bengaluru,1,2025,Villa,2025-07-24,155.2,6534198.0,1074.98,0-5yrs
7980000,9000,4,2,4,yes,no,no,no,yes,2,no,furnished,Bengaluru,8,2018,Villa,2025-09-04,153.2,6352500.0,886.67,6-15yrs
7962500,6000,3,1,4,yes,yes,no,no,yes,2,no,unfurnished,Delhi NCR,36,1990,Independent House,2025-06-26,177.1,7668387.0,1327.08,31-45yrs
7910000,6000,4,2,4,yes,no,no,no,yes,1,no,semi-furnished,Bengaluru,2,2024,Independent House,2026-05-30,148.7,6359500.0,1318.33,0-5yrs
7875000,6550,3,1,2,yes,no,yes,no,yes,0,yes,furnished,Delhi NCR,14,2012,Independent House,2026-05-11,168.9,7671210.0,1202.29,6-15yrs
7840000,6360,3,2,4,yes,no,no,no,yes,0,yes,furnished,Delhi NCR,21,2005,Villa,2025-08-29,163.9,7672339.0,1232.7,16-30yrs
7700000,6480,3,2,4,yes,no,no,no,yes,2,no,unfurnished,Bengaluru,1,2025,Villa,2026-01-18,151.7,6547918.0,1188.27,0-5yrs
7700000,6000,4,2,4,yes,no,no,no,no,2,no,semi-furnished,Delhi NCR,12,2014,Independent House,2025-07-21,171.1,7827050.0,1283.33,6-15yrs
7560000,6000,4,2,4,yes,no,no,no,yes,1,no,furnished,Bengaluru,18,2008,Independent House,2026-06-10,148.3,6394500.0,1260.0,16-30yrs
7560000,6000,3,2,3,yes,no,no,no,yes,0,no,semi-furnished,Bengaluru,13,2013,Independent House,2025-12-27,149.8,6553518.0,1260.0,6-15yrs
7525000,6000,3,2,4,yes,no,no,no,yes,1,no,furnished,Mumbai,29,1997,Independent House,2026-03-10,181.1,8253636.0,1254.17,16-30yrs
7490000,6600,3,1,4,yes,no,no,no,yes,3,yes,furnished,Bengaluru,14,2012,Villa,2026-02-05,153.6,6556318.0,1134.85,6-15yrs
7455000,4300,3,2,2,yes,no,yes,no,no,1,no,unfurnished,Mumbai,29,1997,Independent House,2025-11-18,183.5,8260000.0,1733.72,16-30yrs
7420000,7440,3,2,1,yes,yes,yes,no,yes,0,yes,semi-furnished,Bengaluru,11,2015,Independent House,2026-01-14,159.3,6559118.0,997.31,6-15yrs
7420000,7440,3,2,4,yes,no,no,no,no,1,yes,unfurnished,Bengaluru,28,1998,Villa,2025-12-25,149.5,6559118.0,997.31,16-30yrs
7420000,6325,3,1,4,yes,no,no,no,yes,1,no,unfurnished,Mumbai,2,2024,Villa,2026-01-22,182.7,8263182.0,1173.12,0-5yrs
7350000,6000,4,2,4,yes,yes,no,no,yes,1,no,furnished,Mumbai,22,2004,Independent House,2026-02-26,183.8,9813417.0,1225.0,16-30yrs
7350000,5150,3,2,4,yes,no,no,no,yes,2,no,semi-furnished,Bengaluru,2,2024,Independent House,2025-07-03,145.8,6561918.0,1427.18,0-5yrs
7350000,6000,3,2,2,yes,yes,no,no,yes,1,no,semi-furnished,Delhi NCR,9,2017,Independent House,2026-07-04,171.4,7688145.0,1225.0,6-15yrs
7350000,6000,3,1,2,yes,no,no,no,yes,1,no,unfurnished,Mumbai,13,2013,Independent House,2025-11-21,183.7,8269545.0,1225.0,6-15yrs
7343000,11440,4,1,2,yes,no,yes,no,no,1,yes,semi-furnished,Delhi NCR,26,2000,Independent House,2025-12-11,173.4,7862750.0,641.87,16-30yrs
7245000,9000,4,2,4,yes,yes,no,no,yes,1,yes,furnished,Delhi NCR,18,2008,Villa,2025-08-27,169.2,7872550.0,805.0,16-30yrs
7210000,7680,4,2,4,yes,yes,no,no,yes,1,no,semi-furnished,Delhi NCR,18,2008,Villa,2025-11-21,174.2,7876050.0,938.8,16-30yrs
7210000,6000,3,2,4,yes,yes,no,no,yes,1,no,furnished,Mumbai,31,1995,Independent House,2025-04-25,187.3,8282273.0,1201.67,31-45yrs
7140000,6000,3,2,2,yes,yes,no,no,no,1,no,semi-furnished,Delhi NCR,36,1990,Independent House,2024-07-07,170.1,7694919.0,1190.0,31-45yrs
7070000,8880,2,1,1,yes,no,no,no,yes,1,no,semi-furnished,Mumbai,30,1996,Independent House,2026-03-25,189.7,7070000.0,796.17,16-30yrs
7070000,6240,4,2,2,yes,no,no,no,yes,1,no,furnished,Delhi NCR,22,2004,Independent House,2026-05-04,172.9,7890050.0,1133.01,16-30yrs
7035000,6360,4,2,3,yes,no,no,no,yes,2,yes,furnished,Bengaluru,29,1997,Villa,2026-02-20,158.8,6447000.0,1106.13,16-30yrs
7000000,11175,3,1,1,yes,no,yes,no,yes,1,yes,furnished,Bengaluru,15,2011,Independent House,2026-04-14,148.8,6575918.0,626.4,6-15yrs
6930000,8880,3,2,2,yes,no,yes,no,yes,1,no,furnished,Mumbai,2,2024,Independent House,2025-11-11,185.2,8307727.0,780.41,0-5yrs
6930000,13200,2,1,1,yes,no,yes,yes,no,1,no,furnished,Bengaluru,1,2025,Independent House,2024-11-07,154.7,6020000.0,525.0,0-5yrs
6895000,7700,3,2,1,yes,no,no,no,no,2,no,unfurnished,Bengaluru,36,1990,Independent House,2026-05-31,145.4,6580118.0,895.45,31-45yrs
6860000,6000,3,1,1,yes,no,no,no,yes,1,no,furnished,Delhi NCR,26,2000,Independent House,2026-06-11,174.0,7703952.0,1143.33,16-30yrs
6790000,12090,4,2,2,yes,no,no,no,no,2,yes,furnished,Mumbai,26,2000,Independent House,2026-04-25,186.3,9860083.0,561.62,16-30yrs
6790000,4000,3,2,2,yes,no,yes,no,yes,0,yes,semi-furnished,Delhi NCR,7,2019,Independent House,2025-08-18,167.3,7706210.0,1697.5,6-15yrs
6755000,6000,4,2,4,yes,no,no,no,yes,0,no,unfurnished,Delhi NCR,16,2010,Independent House,2025-11-25,165.9,7921550.0,1125.83,16-30yrs
6720000,5020,3,1,4,yes,no,no,no,yes,0,yes,unfurnished,Delhi NCR,29,1997,Independent House,2026-06-11,168.0,7708468.0,1338.65,16-30yrs
6685000,6600,2,2,4,yes,no,yes,no,no,0,yes,furnished,Delhi NCR,1,2025,Villa,2024-10-18,163.1,6685000.0,1012.88,0-5yrs
6650000,4040,3,1,2,yes,no,yes,yes,no,1,no,furnished,Delhi NCR,1,2025,Independent House,2025-06-12,168.5,7710726.0,1646.04,0-5yrs
6650000,4260,4,2,2,yes,no,no,yes,no,0,no,semi-furnished,Delhi NCR,4,2022,Independent House,2026-07-02,171.9,7932050.0,1561.03,0-5yrs
6650000,6420,3,2,3,yes,no,no,no,yes,0,yes,furnished,Delhi NCR,8,2018,Villa,2025-10-17,168.6,7710726.0,1035.83,6-15yrs
6650000,6500,3,2,3,yes,no,no,no,yes,0,yes,furnished,Mumbai,16,2010,Villa,2025-07-04,189.2,8333182.0,1023.08,16-30yrs
6650000,5700,3,1,1,yes,yes,yes,no,yes,2,yes,furnished,Bengaluru,8,2018,Independent House,2026-03-12,155.0,6589918.0,1166.67,6-15yrs
6650000,6000,3,2,3,yes,yes,no,no,yes,0,no,furnished,Delhi NCR,1,2025,Independent House,2026-06-20,173.8,7710726.0,1108.33,0-5yrs
6629000,6000,3,1,2,yes,no,no,yes,no,1,yes,semi-furnished,Delhi NCR,28,1998,Independent House,2026-06-17,170.7,7711403.0,1104.83,16-30yrs
6615000,4000,3,2,2,yes,no,yes,no,yes,1,no,semi-furnished,Delhi NCR,29,1997,Independent House,2026-06-10,163.0,7711855.0,1653.75,16-30yrs
6615000,10500,3,2,1,yes,no,yes,no,yes,1,yes,furnished,Delhi NCR,19,2007,Independent House,2025-04-05,167.9,7711855.0,630.0,16-30yrs
6580000,6000,3,2,4,yes,no,no,no,yes,0,no,semi-furnished,Bengaluru,17,2009,Independent House,2024-11-11,149.6,6592718.0,1096.67,16-30yrs
6510000,3760,3,1,2,yes,no,no,yes,no,2,no,semi-furnished,Hyderabad,24,2002,Independent House,2026-06-05,125.3,5460212.0,1731.38,16-30yrs
6510000,8250,3,2,3,yes,no,no,no,yes,0,no,furnished,Bengaluru,4,2022,Villa,2026-05-01,149.6,6595518.0,789.09,0-5yrs
6510000,6670,3,1,3,yes,no,yes,no,no,0,yes,unfurnished,Pune,35,1991,Villa,2026-05-23,134.8,4996409.0,976.01,31-45yrs
6475000,3960,3,1,1,yes,no,yes,no,no,2,no,semi-furnished,Hyderabad,33,1993,Apartment,2026-05-17,123.1,5461273.0,1635.1,31-45yrs
6475000,7410,3,1,1,yes,yes,yes,no,yes,2,yes,unfurnished,Pune,30,1996,Independent House,2025-04-09,135.4,4998000.0,873.82,16-30yrs
6440000,8580,5,3,2,yes,no,no,no,no,2,no,furnished,Hyderabad,32,1994,Independent House,2026-03-29,130.7,6440000.0,750.58,31-45yrs
6440000,5000,3,1,2,yes,no,no,no,yes,0,no,semi-furnished,Bengaluru,9,2017,Independent House,2026-04-05,150.8,6598318.0,1288.0,6-15yrs
6419000,6750,2,1,1,yes,yes,yes,no,no,2,yes,furnished,Pune,1,2025,Independent House,2026-05-04,127.9,5027167.0,950.96,0-5yrs
6405000,4800,3,2,4,yes,yes,no,no,yes,0,no,furnished,Hyderabad,1,2025,Independent House,2025-11-15,125.4,5463394.0,1334.38,0-5yrs
6300000,7200,3,2,1,yes,no,yes,no,yes,3,no,semi-furnished,Delhi NCR,30,1996,Independent House,2026-03-10,165.1,7722016.0,875.0,16-30yrs
6300000,6000,4,2,4,yes,no,no,no,no,1,no,semi-furnished,Bengaluru,40,1986,Independent House,2025-08-01,155.2,6520500.0,1050.0,31-45yrs
6300000,4100,3,2,3,yes,no,no,no,yes,2,no,semi-furnished,Hyderabad,7,2019,Independent House,2026-05-11,132.6,5466576.0,1536.59,6-15yrs
6300000,9000,3,1,1,yes,no,yes,no,no,1,yes,furnished,Delhi NCR,24,2002,Independent House,2025-06-15,165.8,7722016.0,700.0,16-30yrs
6300000,6400,3,1,1,yes,yes,yes,no,yes,1,yes,semi-furnished,Hyderabad,10,2016,Independent House,2025-11-18,126.3,5466576.0,984.38,6-15yrs
6293000,6600,3,2,3,yes,no,no,no,yes,0,yes,unfurnished,Delhi NCR,9,2017,Villa,2026-06-07,171.3,7722242.0,953.48,6-15yrs
6265000,6000,4,1,3,yes,yes,yes,no,no,0,yes,unfurnished,Bengaluru,31,1995,Independent House,2026-02-24,149.1,6524000.0,1044.17,31-45yrs
6230000,6600,3,2,1,yes,no,yes,no,yes,0,yes,unfurnished,Pune,1,2025,Independent House,2025-02-25,124.2,5009136.0,943.94,0-5yrs
6230000,5500,3,1,3,yes,no,no,no,no,1,yes,unfurnished,Delhi NCR,35,1991,Independent House,2024-10-05,168.0,7724274.0,1132.73,31-45yrs
6195000,5500,3,2,4,yes,yes,no,no,yes,1,no,semi-furnished,Hyderabad,20,2006,Independent House,2026-02-01,133.9,5469758.0,1126.36,16-30yrs
6195000,6350,3,2,3,yes,yes,no,no,yes,0,no,furnished,Bengaluru,9,2017,Villa,2026-01-25,148.2,6608118.0,975.59,6-15yrs
6195000,5500,3,2,1,yes,yes,yes,no,no,2,yes,furnished,Delhi NCR,21,2005,Independent House,2024-10-19,169.5,7725403.0,1126.36,16-30yrs
6160000,4500,3,1,4,yes,no,no,no,yes,0,no,unfurnished,Hyderabad,5,2021,Independent House,2025-11-28,124.6,5470818.0,1368.89,0-5yrs
6160000,5450,4,2,1,yes,no,yes,no,yes,0,yes,semi-furnished,Hyderabad,26,2000,Independent House,2026-06-29,129.8,5435889.0,1130.28,16-30yrs
6125000,6420,3,1,3,yes,no,yes,no,no,0,yes,unfurnished,Hyderabad,26,2000,Villa,2024-11-05,128.3,5471879.0,954.05,16-30yrs
6107500,3240,4,1,3,yes,no,no,no,no,1,no,semi-furnished,Delhi NCR,10,2016,Independent House,2026-04-27,167.8,7986300.0,1885.03,6-15yrs
6090000,6615,4,2,2,yes,yes,no,yes,no,1,no,semi-furnished,Bengaluru,26,2000,Independent House,2025-12-04,146.1,6541500.0,920.63,16-30yrs
6090000,6600,3,1,1,yes,yes,yes,no,no,2,yes,semi-furnished,Bengaluru,34,1992,Independent House,2026-05-23,154.2,6612318.0,922.73,31-45yrs
6090000,8372,3,1,3,yes,no,no,no,yes,2,no,unfurnished,Hyderabad,4,2022,Villa,2026-06-29,123.2,5472939.0,727.42,0-5yrs
6083000,4300,6,2,2,yes,no,no,no,no,0,no,furnished,Bengaluru,1,2025,Independent House,2026-04-05,151.5,6083000.0,1414.65,0-5yrs
6083000,9620,3,1,1,yes,no,yes,no,no,2,yes,furnished,Bengaluru,6,2020,Independent House,2025-06-23,143.5,6612598.0,632.33,6-15yrs
6020000,6800,2,1,1,yes,yes,yes,no,no,2,no,furnished,Bengaluru,24,2002,Independent House,2026-04-17,152.1,6930000.0,885.29,16-30yrs
6020000,8000,3,1,1,yes,yes,yes,no,yes,2,yes,semi-furnished,Hyderabad,33,1993,Independent House,2026-05-06,130.9,5475061.0,752.5,31-45yrs
6020000,6900,3,2,1,yes,yes,yes,no,no,0,yes,unfurnished,Bengaluru,25,2001,Independent House,2026-05-09,153.3,6615118.0,872.46,16-30yrs
5950000,3700,4,1,2,yes,yes,no,no,yes,0,no,furnished,Chennai,13,2013,Independent House,2026-01-08,119.5,4734722.0,1608.11,6-15yrs
5950000,6420,3,1,1,yes,no,yes,no,yes,0,yes,furnished,Bengaluru,28,1998,Independent House,2024-07-07,154.8,6617918.0,926.79,16-30yrs
5950000,7020,3,1,1,yes,no,yes,no,yes,2,yes,semi-furnished,Chennai,7,2019,Independent House,2026-02-04,126.9,5009290.0,847.58,6-15yrs
5950000,6540,3,1,1,yes,yes,yes,no,no,2,yes,furnished,Chennai,32,1994,Independent House,2025-12-16,119.0,5009290.0,909.79,31-45yrs
5950000,7231,3,1,2,yes,yes,yes,no,yes,0,yes,semi-furnished,Chennai,6,2020,Independent House,2025-03-02,118.6,5009290.0,822.85,6-15yrs
5950000,6254,4,2,1,yes,no,yes,no,no,1,yes,semi-furnished,Hyderabad,24,2002,Independent House,2025-12-28,128.4,5459222.0,951.39,16-30yrs
5950000,7320,4,2,2,yes,no,no,no,no,0,no,furnished,Hyderabad,30,1996,Independent House,2026-05-18,126.6,5459222.0,812.84,16-30yrs
5950000,6525,3,2,4,yes,no,no,no,no,1,no,furnished,Hyderabad,30,1996,Villa,2026-04-09,126.1,5477182.0,911.88,16-30yrs
5943000,15600,3,1,1,yes,no,no,no,yes,2,no,semi-furnished,Bengaluru,33,1993,Independent House,2026-04-06,148.4,6618198.0,380.96,31-45yrs
5880000,7160,3,1,1,yes,no,yes,no,no,2,yes,unfurnished,Chennai,18,2008,Independent House,2026-03-03,125.1,5011548.0,821.23,16-30yrs
5880000,6500,3,2,3,yes,no,no,no,yes,0,no,unfurnished,Hyderabad,36,1990,Villa,2026-02-18,130.3,5479303.0,904.62,31-45yrs
5873000,5500,3,1,3,yes,yes,no,no,yes,1,no,furnished,Hyderabad,24,2002,Independent House,2025-05-31,126.6,5479515.0,1067.82,16-30yrs
5873000,11460,3,1,3,yes,no,no,no,no,2,yes,semi-furnished,Bengaluru,24,2002,Villa,2026-03-22,142.6,6620998.0,512.48,16-30yrs
5866000,4800,3,1,1,yes,yes,yes,no,no,0,no,unfurnished,Hyderabad,23,2003,Independent House,2026-01-31,123.4,5479727.0,1222.08,16-30yrs
5810000,5828,4,1,4,yes,yes,no,no,no,0,no,semi-furnished,Bengaluru,32,1994,Independent House,2025-11-04,151.5,6569500.0,996.91,31-45yrs
5810000,5200,3,1,3,yes,no,no,no,yes,0,no,semi-furnished,Pune,34,1992,Independent House,2026-03-11,123.6,5028227.0,1117.31,31-45yrs
5810000,4800,3,1,3,yes,no,no,no,yes,0,no,unfurnished,Hyderabad,9,2017,Independent House,2025-04-11,128.9,5481424.0,1210.42,6-15yrs
5803000,7000,3,1,1,yes,no,yes,no,no,2,yes,semi-furnished,Pune,13,2013,Independent House,2025-11-28,126.8,5028545.0,829.0,6-15yrs
5775000,6000,3,2,4,yes,no,no,no,yes,0,no,unfurnished,Bengaluru,20,2006,Independent House,2026-04-11,150.3,6624918.0,962.5,16-30yrs
5740000,5400,4,2,2,yes,no,no,no,yes,2,no,unfurnished,Chennai,22,2004,Independent House,2025-08-29,120.2,4758056.0,1062.96,16-30yrs
5740000,4640,4,1,2,yes,no,no,no,no,1,no,semi-furnished,Hyderabad,35,1991,Independent House,2026-01-01,128.4,5482556.0,1237.07,31-45yrs
5740000,5000,3,1,3,yes,no,no,no,yes,0,no,semi-furnished,Bengaluru,27,1999,Independent House,2025-12-28,148.8,6626318.0,1148.0,16-30yrs
5740000,6360,3,1,1,yes,yes,yes,no,yes,2,yes,furnished,Chennai,9,2017,Independent House,2026-01-24,118.7,5016065.0,902.52,6-15yrs
5740000,5800,3,2,4,yes,no,no,no,yes,0,no,unfurnished,Chennai,17,2009,Independent House,2026-01-17,117.8,5016065.0,989.66,16-30yrs
5652500,6660,4,2,2,yes,yes,yes,no,no,1,yes,semi-furnished,Pune,25,2001,Independent House,2025-07-10,131.5,4822300.0,848.72,16-30yrs
5600000,10500,4,2,2,yes,no,no,no,no,1,no,semi-furnished,Bengaluru,22,2004,Independent House,2026-06-10,152.4,6590500.0,533.33,16-30yrs
5600000,4800,5,2,3,no,no,yes,yes,no,0,no,unfurnished,Chennai,13,2013,Independent House,2026-03-28,116.3,4340000.0,1166.67,6-15yrs
5600000,4700,4,1,2,yes,yes,yes,no,yes,1,no,furnished,Hyderabad,11,2015,Independent House,2026-06-18,127.8,5498111.0,1191.49,6-15yrs
5600000,5000,3,1,4,yes,no,no,no,no,0,no,furnished,Hyderabad,31,1995,Independent House,2025-07-23,128.6,5487788.0,1120.0,31-45yrs
5600000,10500,2,1,1,yes,no,no,no,no,1,no,semi-furnished,Pune,12,2014,Independent House,2026-04-19,130.6,5163667.0,533.33,6-15yrs
5600000,5500,3,2,2,yes,no,no,no,no,1,no,semi-furnished,Chennai,19,2007,Independent House,2024-12-15,120.5,5020581.0,1018.18,16-30yrs
5600000,6360,3,1,3,yes,no,no,no,no,0,yes,semi-furnished,Bengaluru,12,2014,Villa,2026-01-02,148.8,6631918.0,880.5,6-15yrs
5600000,6600,4,2,1,yes,no,yes,no,no,0,yes,semi-furnished,Hyderabad,9,2017,Independent House,2025-05-30,128.8,5498111.0,848.48,6-15yrs
5600000,5136,3,1,2,yes,yes,yes,no,yes,0,yes,unfurnished,Chennai,4,2022,Independent House,2024-07-07,121.9,5020581.0,1090.34,0-5yrs
5565000,4400,4,1,2,yes,no,no,no,yes,2,yes,semi-furnished,Chennai,25,2001,Independent House,2025-04-06,120.4,4777500.0,1264.77,16-30yrs
5565000,5400,5,1,2,yes,yes,yes,no,yes,0,yes,furnished,Pune,6,2020,Independent House,2025-02-18,131.5,5565000.0,1030.56,6-15yrs
5530000,3300,3,3,2,yes,no,yes,no,no,0,no,semi-furnished,Hyderabad,31,1995,Independent House,2026-02-26,131.0,5489909.0,1675.76,31-45yrs
5530000,3650,3,2,2,yes,no,no,no,no,2,no,semi-furnished,Hyderabad,19,2007,Independent House,2025-12-19,122.4,5489909.0,1515.07,16-30yrs
5530000,6100,3,2,1,yes,no,yes,no,no,2,yes,furnished,Bengaluru,11,2015,Independent House,2026-04-25,152.8,6634718.0,906.56,6-15yrs
5523000,6900,3,1,1,yes,yes,yes,no,no,0,yes,semi-furnished,Hyderabad,5,2021,Independent House,2026-05-14,129.0,5490121.0,800.43,0-5yrs
5495000,2817,4,2,2,no,yes,yes,no,no,1,no,furnished,Bengaluru,30,1996,Independent House,2026-01-12,146.7,6601000.0,1950.66,16-30yrs
5495000,7980,3,1,1,yes,no,no,no,no,2,no,semi-furnished,Hyderabad,12,2014,Independent House,2025-11-24,130.4,5490970.0,688.6,6-15yrs
5460000,3150,3,2,1,yes,yes,yes,no,yes,0,no,furnished,Pune,17,2009,Apartment,2026-03-26,128.8,5044136.0,1733.33,16-30yrs
5460000,6210,4,1,4,yes,yes,no,no,yes,0,no,furnished,Hyderabad,13,2013,Villa,2025-12-09,127.2,5513667.0,879.23,6-15yrs
5460000,6100,3,1,3,yes,yes,no,no,yes,0,yes,semi-furnished,Bengaluru,33,1993,Villa,2025-01-07,148.5,6637518.0,895.08,31-45yrs
5460000,6600,4,2,2,yes,yes,yes,no,no,0,yes,semi-furnished,Bengaluru,23,2003,Independent House,2025-12-16,150.9,6604500.0,827.27,16-30yrs
5425000,6825,3,1,1,yes,yes,yes,no,yes,0,yes,semi-furnished,Pune,13,2013,Independent House,2025-08-23,127.6,5045727.0,794.87,6-15yrs
5390000,6710,3,2,2,yes,yes,yes,no,no,1,yes,furnished,Chennai,34,1992,Independent House,2025-05-24,122.7,5027355.0,803.28,31-45yrs
5383000,6450,3,2,1,yes,yes,yes,yes,no,0,no,unfurnished,Chennai,39,1987,Independent House,2024-07-07,119.6,5027581.0,834.57,31-45yrs
5320000,7800,3,1,1,yes,no,yes,no,yes,2,yes,unfurnished,Hyderabad,11,2015,Independent House,2025-11-18,126.9,5496273.0,682.05,6-15yrs
5285000,4600,2,2,1,yes,no,no,no,yes,2,no,semi-furnished,Chennai,28,1998,Independent House,2025-05-22,122.3,4671333.0,1148.91,16-30yrs
5250000,4260,4,1,2,yes,no,yes,no,yes,0,no,furnished,Chennai,1,2025,Independent House,2024-07-07,119.0,4812500.0,1232.39,0-5yrs
5250000,6540,4,2,2,no,no,no,no,yes,0,no,semi-furnished,Pune,32,1994,Independent House,2024-07-15,132.8,4862550.0,802.75,31-45yrs
5250000,5500,3,2,1,yes,no,yes,no,no,0,no,semi-furnished,Chennai,23,2003,Independent House,2026-05-30,122.9,5031871.0,954.55,16-30yrs
5250000,10269,3,1,1,yes,no,no,no,no,1,yes,semi-furnished,Chennai,29,1997,Independent House,2026-02-27,116.0,5031871.0,511.25,16-30yrs
5250000,8400,3,1,2,yes,yes,yes,no,yes,2,yes,unfurnished,Hyderabad,8,2018,Independent House,2026-04-01,131.3,5498394.0,625.0,6-15yrs
5250000,5300,4,2,1,yes,no,no,no,yes,0,yes,unfurnished,Hyderabad,15,2011,Independent House,2026-06-15,123.6,5537000.0,990.57,6-15yrs
5250000,3800,3,1,2,yes,yes,yes,no,no,1,yes,unfurnished,Ahmedabad,12,2014,Independent House,2025-10-30,108.5,4524423.0,1381.58,6-15yrs
5250000,9800,4,2,2,yes,yes,no,no,no,2,no,semi-furnished,Pune,9,2017,Independent House,2025-08-09,136.1,4862550.0,535.71,6-15yrs
5250000,8520,3,1,1,yes,no,no,no,yes,2,no,furnished,Chennai,2,2024,Independent House,2025-03-23,122.6,5031871.0,616.2,0-5yrs
5243000,6050,3,1,1,yes,no,yes,no,no,0,yes,semi-furnished,Chennai,17,2009,Independent House,2026-06-05,113.5,5032097.0,866.61,16-30yrs
5229000,7085,3,1,1,yes,yes,yes,no,no,2,yes,semi-furnished,Ahmedabad,38,1988,Independent House,2025-01-31,108.2,4525231.0,738.04,31-45yrs
5215000,3180,3,2,2,yes,no,no,no,no,2,no,semi-furnished,Chennai,7,2019,Independent House,2025-10-23,126.7,5033000.0,1639.94,6-15yrs
5215000,4500,4,2,1,no,no,yes,no,yes,2,no,semi-furnished,Pune,10,2016,Independent House,2025-09-06,129.1,4866050.0,1158.89,6-15yrs
5215000,7200,3,1,2,yes,yes,yes,no,no,1,yes,furnished,Ahmedabad,35,1991,Independent House,2024-11-11,104.9,4525769.0,724.31,31-45yrs
5145000,3410,3,1,2,no,no,no,no,yes,0,no,semi-furnished,Pune,6,2020,Independent House,2025-11-04,126.4,5058455.0,1508.8,6-15yrs
5145000,7980,3,1,1,yes,no,no,no,no,1,yes,semi-furnished,Ahmedabad,27,1999,Independent House,2026-03-27,105.9,4528462.0,644.74,16-30yrs
5110000,3000,3,2,2,yes,yes,yes,no,no,0,no,furnished,Ahmedabad,1,2025,Independent House,2025-04-28,108.8,4529808.0,1703.33,0-5yrs
5110000,3000,3,1,2,yes,no,yes,no,no,0,no,unfurnished,Hyderabad,5,2021,Independent House,2026-03-17,130.1,5502636.0,1703.33,0-5yrs
5110000,11410,2,1,2,yes,no,no,no,no,0,yes,furnished,Pune,24,2002,Independent House,2026-06-29,139.4,5245333.0,447.85,16-30yrs
5110000,6100,3,1,1,yes,no,yes,no,yes,0,yes,semi-furnished,Chennai,34,1992,Independent House,2025-04-20,120.1,5036387.0,837.7,31-45yrs
5075000,5720,2,1,2,yes,no,no,no,yes,0,yes,unfurnished,Chennai,35,1991,Independent House,2026-03-24,115.1,4706333.0,887.24,31-45yrs
5040000,3540,2,1,1,no,yes,yes,no,no,0,no,semi-furnished,Pune,19,2007,Apartment,2025-07-01,130.5,5257000.0,1423.73,16-30yrs
5040000,7600,4,1,2,yes,no,no,no,yes,2,no,furnished,Chennai,1,2025,Independent House,2026-03-17,112.8,4835833.0,663.16,0-5yrs
5040000,10700,3,1,2,yes,yes,yes,no,no,0,no,semi-furnished,Chennai,1,2025,Independent House,2025-03-01,118.4,5038645.0,471.03,0-5yrs
5040000,6600,3,1,1,yes,yes,yes,no,no,0,yes,furnished,Pune,17,2009,Independent House,2026-05-07,134.9,5063227.0,763.64,16-30yrs
5033000,4800,2,1,1,yes,yes,yes,no,no,0,no,semi-furnished,Ahmedabad,17,2009,Independent House,2024-07-07,106.0,4043846.0,1048.54,16-30yrs
5005000,8150,3,2,1,yes,yes,yes,no,no,0,no,semi-furnished,Pune,7,2019,Independent House,2025-06-24,130.5,5064818.0,614.11,6-15yrs
4970000,4410,4,3,2,yes,no,yes,no,no,2,no,semi-furnished,Ahmedabad,25,2001,Independent House,2026-06-07,110.5,4225200.0,1126.98,16-30yrs
4970000,7686,3,1,1,yes,yes,yes,yes,no,0,no,semi-furnished,Chennai,4,2022,Independent House,2025-12-11,119.2,5040903.0,646.63,0-5yrs
4956000,2800,3,2,2,no,no,yes,no,yes,1,no,semi-furnished,Chennai,33,1993,Independent House,2024-07-07,123.8,5041355.0,1770.0,31-45yrs
4935000,5948,3,1,2,yes,no,no,no,yes,0,no,semi-furnished,Chennai,3,2023,Independent House,2026-01-29,120.4,5042032.0,829.69,0-5yrs
4907000,4200,3,1,2,yes,no,no,no,no,1,no,furnished,Hyderabad,26,2000,Independent House,2026-05-18,129.1,5508788.0,1168.33,16-30yrs
4900000,4520,3,1,2,yes,no,yes,no,yes,0,no,semi-furnished,Ahmedabad,16,2010,Independent House,2026-01-23,101.3,4537885.0,1084.07,16-30yrs
4900000,4095,3,1,2,no,yes,yes,no,yes,0,no,semi-furnished,Hyderabad,36,1990,Independent House,2026-01-09,126.6,5509000.0,1196.58,31-45yrs
4900000,4120,2,1,1,yes,no,yes,no,no,1,no,semi-furnished,Hyderabad,27,1999,Independent House,2025-08-03,123.8,4690000.0,1189.32,16-30yrs
4900000,5400,4,1,2,yes,no,no,no,no,0,no,semi-furnished,Pune,10,2016,Independent House,2025-09-10,129.7,4897550.0,907.41,6-15yrs
4900000,4770,3,1,1,yes,yes,yes,no,no,0,no,semi-furnished,Hyderabad,26,2000,Independent House,2026-03-01,129.2,5509000.0,1027.25,16-30yrs
4900000,6300,3,1,1,yes,no,no,no,yes,2,no,semi-furnished,Pune,16,2010,Independent House,2026-05-07,126.7,5069591.0,777.78,16-30yrs
4900000,5800,2,1,1,yes,yes,yes,no,yes,0,no,semi-furnished,Pune,36,1990,Independent House,2025-10-22,136.1,5280333.0,844.83,31-45yrs
4900000,3000,3,1,2,yes,no,yes,no,yes,0,no,semi-furnished,Hyderabad,1,2025,Independent House,2026-02-21,128.8,5509000.0,1633.33,0-5yrs
4900000,2970,3,1,3,yes,no,no,no,no,0,no,semi-furnished,Ahmedabad,13,2013,Independent House,2026-06-02,105.2,4537885.0,1649.83,6-15yrs
4900000,6720,3,1,1,yes,no,no,no,no,0,no,unfurnished,Ahmedabad,28,1998,Independent House,2024-12-07,107.3,4537885.0,729.17,16-30yrs
4900000,4646,3,1,2,yes,yes,yes,no,no,2,no,semi-furnished,Ahmedabad,20,2006,Independent House,2025-09-17,102.5,4537885.0,1054.67,16-30yrs
4900000,12900,3,1,1,yes,no,no,no,no,2,no,furnished,Ahmedabad,23,2003,Independent House,2025-09-23,105.5,4537885.0,379.84,16-30yrs
4893000,3420,4,2,2,yes,no,yes,no,yes,2,no,semi-furnished,Ahmedabad,5,2021,Independent House,2025-05-01,102.8,4240600.0,1430.7,0-5yrs
4893000,4995,4,2,1,yes,no,yes,no,no,0,no,semi-furnished,Hyderabad,39,1987,Independent House,2025-12-31,132.7,5576667.0,979.58,31-45yrs
4865000,4350,2,1,1,yes,no,yes,no,no,0,no,unfurnished,Hyderabad,1,2025,Independent House,2025-05-12,124.8,4707500.0,1118.39,0-5yrs
4830000,4160,3,1,3,yes,no,no,no,no,0,no,unfurnished,Chennai,3,2023,Independent House,2026-01-16,120.2,5045419.0,1161.06,0-5yrs
4830000,6040,3,1,1,yes,no,no,no,no,2,yes,semi-furnished,Ahmedabad,13,2013,Independent House,2026-06-20,106.0,4540577.0,799.67,6-15yrs
4830000,6862,3,1,2,yes,no,no,no,yes,2,yes,furnished,Hyderabad,20,2006,Independent House,2026-02-28,129.2,5511121.0,703.88,16-30yrs
4830000,4815,2,1,1,yes,no,no,no,yes,0,yes,semi-furnished,Chennai,22,2004,Independent House,2026-01-16,118.3,4747167.0,1003.12,16-30yrs
4795000,7000,3,1,2,yes,no,yes,no,no,0,no,unfurnished,Ahmedabad,33,1993,Independent House,2025-08-23,102.3,4541923.0,685.0,31-45yrs
4795000,8100,4,1,4,yes,no,yes,no,yes,2,no,semi-furnished,Pune,35,1991,Villa,2026-06-09,128.3,4908050.0,591.98,31-45yrs
4767000,3420,4,2,2,yes,no,no,no,no,0,no,semi-furnished,Pune,6,2020,Independent House,2026-05-31,131.6,4910850.0,1393.86,6-15yrs
4760000,9166,2,1,1,yes,no,yes,no,yes,2,no,semi-furnished,Pune,29,1997,Independent House,2026-04-22,129.6,5303667.0,519.31,16-30yrs
4760000,6321,3,1,2,yes,no,yes,no,yes,1,no,furnished,Pune,13,2013,Independent House,2026-04-21,132.4,5075955.0,753.05,6-15yrs
4760000,10240,2,1,1,yes,no,no,no,yes,2,yes,unfurnished,Chennai,13,2013,Independent House,2025-08-12,121.4,4758833.0,464.84,6-15yrs
4753000,6440,2,1,1,yes,no,no,no,yes,3,no,semi-furnished,Pune,18,2008,Independent House,2026-04-26,123.2,5304833.0,738.04,16-30yrs
4690000,5170,3,1,4,yes,no,no,no,yes,0,no,semi-furnished,Ahmedabad,8,2018,Independent House,2025-10-30,105.7,4545962.0,907.16,6-15yrs
4690000,6000,2,1,1,yes,no,yes,no,yes,1,no,furnished,Kochi,29,1997,Independent House,2026-01-18,104.8,3817188.0,781.67,16-30yrs
4690000,3630,3,1,2,yes,no,no,no,no,2,no,semi-furnished,Pune,36,1990,Independent House,2025-12-07,134.0,5079136.0,1292.01,31-45yrs
4690000,9667,4,2,2,yes,yes,yes,no,no,1,no,semi-furnished,Chennai,35,1991,Independent House,2025-04-08,121.3,4874722.0,485.16,31-45yrs
4690000,5400,2,1,2,yes,no,no,no,no,0,yes,semi-furnished,Chennai,19,2007,Independent House,2026-02-28,116.8,4770500.0,868.52,16-30yrs
4690000,4320,3,1,1,yes,no,no,no,no,0,yes,semi-furnished,Pune,20,2006,Independent House,2025-07-04,131.4,5079136.0,1085.65,16-30yrs
4655000,3745,3,1,2,yes,no,yes,no,no,0,no,furnished,Kochi,13,2013,Independent House,2026-02-20,100.2,3809250.0,1242.99,6-15yrs
4620000,4160,3,1,1,yes,yes,yes,no,yes,0,no,unfurnished,Pune,11,2015,Independent House,2026-03-20,129.2,5082318.0,1110.58,6-15yrs
4620000,3880,3,2,2,yes,no,yes,no,no,2,no,semi-furnished,Chennai,15,2011,Independent House,2024-07-07,121.0,5052194.0,1190.72,6-15yrs
4620000,5680,3,1,2,yes,yes,no,no,yes,1,no,semi-furnished,Hyderabad,28,1998,Independent House,2026-05-18,132.5,5517485.0,813.38,16-30yrs
4620000,2870,2,1,2,yes,yes,yes,no,no,0,yes,semi-furnished,Ahmedabad,1,2025,Independent House,2026-06-14,102.4,4075615.0,1609.76,0-5yrs
4620000,5010,3,1,2,yes,no,yes,no,no,0,no,semi-furnished,Chennai,3,2023,Independent House,2025-07-04,116.8,5052194.0,922.16,0-5yrs
4613000,4510,4,2,2,yes,no,yes,no,no,0,no,semi-furnished,Pune,16,2010,Independent House,2026-06-20,132.1,4926250.0,1022.84,16-30yrs
4585000,4000,3,1,2,yes,no,no,no,no,1,no,furnished,Ahmedabad,18,2008,Independent House,2025-04-10,106.4,4550000.0,1146.25,16-30yrs
4585000,3840,3,1,2,yes,no,no,no,no,1,yes,semi-furnished,Pune,11,2015,Independent House,2026-02-14,133.1,5083909.0,1194.01,6-15yrs
4550000,3760,3,1,1,yes,no,no,no,no,2,no,semi-furnished,Pune,12,2014,Apartment,2024-10-28,131.7,5085500.0,1210.11,6-15yrs
4550000,3640,3,1,2,yes,no,no,no,yes,0,no,furnished,Hyderabad,2,2024,Independent House,2025-08-22,126.3,5519606.0,1250.0,0-5yrs
4550000,2550,3,1,2,yes,no,yes,no,no,0,no,furnished,Ahmedabad,27,1999,Independent House,2025-11-14,106.3,4551346.0,1784.31,16-30yrs
4550000,5320,3,1,2,yes,yes,yes,no,no,0,yes,semi-furnished,Ahmedabad,16,2010,Independent House,2024-07-07,101.6,4551346.0,855.26,16-30yrs
4550000,5360,3,1,2,yes,no,no,no,no,2,yes,unfurnished,Hyderabad,8,2018,Independent House,2026-03-03,127.2,5519606.0,848.88,6-15yrs
4550000,3520,3,1,1,yes,no,no,no,no,0,yes,semi-furnished,Chennai,38,1988,Apartment,2024-07-07,121.5,5054452.0,1292.61,31-45yrs
4550000,8400,4,1,4,yes,no,no,no,no,3,no,unfurnished,Pune,12,2014,Villa,2026-06-01,128.9,4932550.0,541.67,6-15yrs
4543000,4100,2,2,1,yes,yes,yes,no,no,0,no,semi-furnished,Kochi,24,2002,Independent House,2026-01-23,105.4,3826375.0,1108.05,16-30yrs
4543000,4990,4,2,2,yes,yes,yes,no,no,0,yes,furnished,Pune,23,2003,Independent House,2026-04-20,124.3,4933250.0,910.42,16-30yrs
4515000,3510,3,1,3,yes,no,no,no,no,0,no,semi-furnished,Pune,8,2018,Independent House,2025-12-25,128.4,5087091.0,1286.32,6-15yrs
4515000,3450,3,1,2,yes,no,yes,no,no,1,no,semi-furnished,Chennai,28,1998,Independent House,2026-05-24,117.2,5055581.0,1308.7,16-30yrs
4515000,9860,3,1,1,yes,no,no,no,no,0,no,semi-furnished,Pune,36,1990,Independent House,2025-04-03,127.9,5087091.0,457.91,31-45yrs
4515000,3520,2,1,2,yes,no,no,no,no,0,yes,furnished,Hyderabad,21,2005,Independent House,2025-03-26,126.1,4882500.0,1282.67,16-30yrs
4480000,4510,4,1,2,yes,no,no,no,yes,2,no,semi-furnished,Hyderabad,5,2021,Independent House,2024-07-07,124.0,5622556.0,993.35,0-5yrs
4480000,5885,2,1,1,yes,no,no,no,yes,1,no,unfurnished,Ahmedabad,25,2001,Independent House,2026-05-26,107.3,4086385.0,761.26,16-30yrs
4480000,4000,3,1,2,yes,no,no,no,no,2,no,furnished,Kochi,23,2003,Independent House,2025-11-05,96.4,3815500.0,1120.0,16-30yrs
4480000,8250,3,1,1,yes,no,no,no,no,0,no,furnished,Pune,32,1994,Independent House,2026-01-28,130.5,5088682.0,543.03,31-45yrs
4480000,4040,3,1,2,yes,no,no,no,no,1,no,semi-furnished,Pune,36,1990,Independent House,2026-03-24,128.7,5088682.0,1108.91,31-45yrs
4473000,6360,2,1,1,yes,no,yes,no,yes,1,no,furnished,Chennai,19,2007,Independent House,2026-03-21,117.9,4806667.0,703.3,16-30yrs
4473000,3162,3,1,2,yes,no,no,no,yes,1,no,furnished,Hyderabad,9,2017,Independent House,2026-02-24,133.0,5521939.0,1414.61,6-15yrs
4473000,3510,3,1,2,yes,no,no,no,no,0,no,semi-furnished,Kochi,9,2017,Independent House,2025-09-05,100.8,3815750.0,1274.36,6-15yrs
4445000,3750,2,1,1,yes,yes,yes,no,no,0,no,semi-furnished,Ahmedabad,33,1993,Apartment,2025-11-21,99.4,4089077.0,1185.33,31-45yrs
4410000,3968,3,1,2,no,no,no,no,no,0,no,semi-furnished,Hyderabad,20,2006,Independent House,2026-02-04,122.1,5523848.0,1111.39,16-30yrs
4410000,4900,2,1,2,yes,no,yes,no,no,0,no,semi-furnished,Ahmedabad,13,2013,Independent House,2026-06-18,108.1,4091769.0,900.0,6-15yrs
4403000,2880,3,1,2,yes,no,no,no,no,0,yes,semi-furnished,Chennai,28,1998,Independent House,2026-06-17,118.4,5059194.0,1528.82,16-30yrs
4403000,4880,3,1,1,yes,no,no,no,no,2,yes,unfurnished,Chennai,29,1997,Independent House,2026-07-07,115.1,5059194.0,902.25,16-30yrs
4403000,4920,3,1,2,yes,no,no,no,no,1,no,semi-furnished,Pune,13,2013,Independent House,2024-07-07,133.1,5092182.0,894.92,6-15yrs
4382000,4950,4,1,2,yes,no,no,no,yes,0,no,semi-furnished,Kochi,32,1994,Independent House,2026-07-06,98.5,3500000.0,885.25,31-45yrs
4375000,3900,3,1,2,yes,no,no,no,no,0,no,unfurnished,Ahmedabad,6,2020,Independent House,2026-06-10,105.8,4558077.0,1121.79,6-15yrs
4340000,4500,3,2,3,yes,no,no,yes,no,1,no,furnished,Hyderabad,13,2013,Independent House,2026-04-04,130.4,5525970.0,964.44,6-15yrs
4340000,1905,5,1,2,no,no,yes,no,no,0,no,semi-furnished,Chennai,5,2021,Independent House,2025-05-22,116.1,5600000.0,2278.22,0-5yrs
4340000,4075,3,1,1,yes,yes,yes,no,no,2,no,semi-furnished,Pune,25,2001,Independent House,2024-07-07,125.1,5095045.0,1065.03,16-30yrs
4340000,3500,4,1,2,yes,no,no,no,no,2,no,furnished,Pune,1,2025,Independent House,2025-06-12,134.7,4953550.0,1240.0,0-5yrs
4340000,6450,4,1,2,yes,no,no,no,no,0,no,semi-furnished,Ahmedabad,10,2016,Independent House,2025-09-17,100.7,4351200.0,672.87,6-15yrs
4319000,4032,2,1,1,yes,no,yes,no,no,0,no,furnished,Kochi,25,2001,Independent House,2026-01-04,94.3,3840375.0,1071.18,16-30yrs
4305000,4400,2,1,1,yes,no,no,no,no,1,no,semi-furnished,Ahmedabad,5,2021,Independent House,2026-06-15,101.9,4099846.0,978.41,0-5yrs
4305000,10360,2,1,1,yes,no,no,no,no,1,yes,semi-furnished,Coimbatore,33,1993,Independent House,2024-07-07,96.2,3459909.0,415.54,31-45yrs
4277000,3400,3,1,2,yes,no,yes,no,no,2,yes,semi-furnished,Chennai,1,2025,Independent House,2025-07-17,121.5,5063258.0,1257.94,0-5yrs
4270000,6360,2,1,1,yes,no,no,no,no,0,no,furnished,Kochi,13,2013,Independent House,2025-10-26,100.9,3843438.0,671.38,6-15yrs
4270000,6360,2,1,2,yes,no,no,no,no,0,no,unfurnished,Coimbatore,32,1994,Independent House,2025-07-17,90.6,3461500.0,671.38,31-45yrs
4270000,4500,2,1,1,yes,no,no,no,yes,2,no,furnished,Coimbatore,3,2023,Independent House,2025-08-20,88.2,3461500.0,948.89,0-5yrs
4270000,2175,3,1,2,no,yes,yes,no,yes,0,no,unfurnished,Kochi,18,2008,Independent House,2025-10-27,99.9,3823000.0,1963.22,16-30yrs
4270000,4360,4,1,2,yes,no,no,no,no,0,no,furnished,Coimbatore,21,2005,Independent House,2024-07-07,85.3,3548125.0,979.36,16-30yrs
4270000,7770,2,1,1,yes,no,no,no,no,1,no,furnished,Kochi,20,2006,Independent House,2024-11-30,94.7,3843438.0,549.55,16-30yrs
4235000,6650,3,1,2,yes,yes,no,no,no,0,no,semi-furnished,Ahmedabad,22,2004,Independent House,2025-10-20,107.2,4563462.0,636.84,16-30yrs
4235000,2787,3,1,1,yes,no,yes,no,no,0,yes,furnished,Kochi,22,2004,Apartment,2025-09-15,93.9,3824250.0,1519.56,16-30yrs
4200000,5500,3,1,2,yes,no,no,no,yes,0,no,unfurnished,Kochi,10,2016,Independent House,2026-06-24,97.4,3825500.0,763.64,6-15yrs
4200000,5040,3,1,2,yes,no,yes,no,yes,0,no,unfurnished,Kochi,30,1996,Independent House,2025-10-03,97.6,3825500.0,833.33,16-30yrs
4200000,5850,2,1,1,yes,yes,yes,no,no,2,no,semi-furnished,Coimbatore,34,1992,Independent House,2026-06-26,88.4,3464682.0,717.95,31-45yrs
4200000,2610,4,3,2,no,no,no,no,no,0,no,semi-furnished,Coimbatore,35,1991,Independent House,2025-11-28,84.1,3556875.0,1609.2,31-45yrs
4200000,2953,3,1,2,yes,no,yes,no,yes,0,no,unfurnished,Kochi,1,2025,Independent House,2024-07-07,96.1,3825500.0,1422.28,0-5yrs
4200000,2747,4,2,2,no,no,no,no,no,0,no,semi-furnished,Coimbatore,21,2005,Independent House,2025-12-17,87.5,3556875.0,1528.94,16-30yrs
4200000,4410,2,1,1,no,no,no,no,no,1,no,unfurnished,Chennai,6,2020,Independent House,2026-01-28,120.5,4852167.0,952.38,6-15yrs
4200000,4000,4,2,2,no,no,no,no,no,0,no,semi-furnished,Chennai,28,1998,Independent House,2026-04-05,120.3,4929167.0,1050.0,16-30yrs
4200000,2325,3,1,2,no,no,no,no,no,0,no,semi-furnished,Coimbatore,17,2009,Independent House,2026-06-05,91.1,3561420.0,1806.45,16-30yrs
4200000,4600,3,2,2,yes,no,no,no,yes,1,no,semi-furnished,Coimbatore,2,2024,Independent House,2025-08-13,88.0,3561420.0,913.04,0-5yrs
4200000,3640,3,2,2,yes,no,yes,no,no,0,no,unfurnished,Kochi,31,1995,Independent House,2026-05-15,99.6,3825500.0,1153.85,31-45yrs
4200000,5800,3,1,1,yes,no,no,yes,no,2,no,semi-furnished,Ahmedabad,5,2021,Independent House,2026-06-07,100.3,4564808.0,724.14,0-5yrs
4200000,7000,3,1,1,yes,no,no,no,no,3,no,furnished,Coimbatore,33,1993,Independent House,2026-02-21,84.5,3561420.0,600.0,31-45yrs
4200000,4079,3,1,3,yes,no,no,no,no,0,no,semi-furnished,Chennai,3,2023,Independent House,2025-06-06,113.0,5065742.0,1029.66,0-5yrs
4200000,3520,3,1,2,yes,no,no,no,no,0,yes,semi-furnished,Kochi,23,2003,Independent House,2025-07-31,96.5,3825500.0,1193.18,16-30yrs
4200000,2145,3,1,3,yes,no,no,no,no,1,yes,unfurnished,Coimbatore,37,1989,Independent House,2026-06-23,87.7,3561420.0,1958.04,31-45yrs
4200000,4500,3,1,1,yes,no,yes,no,no,0,no,furnished,Chennai,32,1994,Independent House,2026-02-06,122.4,5065742.0,933.33,31-45yrs
4193000,8250,3,1,1,yes,no,yes,no,no,3,no,semi-furnished,Chennai,10,2016,Independent House,2026-01-04,118.1,5065968.0,508.24,6-15yrs
4193000,3450,3,1,2,yes,no,no,no,no,1,no,semi-furnished,Ahmedabad,10,2016,Independent House,2025-10-22,105.8,4565077.0,1215.36,6-15yrs
4165000,4840,3,1,2,yes,no,no,no,no,1,no,semi-furnished,Kochi,19,2007,Independent House,2025-10-18,100.4,3826750.0,860.54,16-30yrs
4165000,4080,3,1,2,yes,no,no,no,no,2,no,semi-furnished,Kochi,17,2009,Independent House,2026-03-16,95.9,3826750.0,1020.83,16-30yrs
4165000,4046,3,1,2,yes,no,yes,no,no,1,no,semi-furnished,Ahmedabad,21,2005,Independent House,2025-12-14,105.9,4566154.0,1029.41,16-30yrs
4130000,4632,4,1,2,yes,no,no,no,yes,0,no,semi-furnished,Ahmedabad,11,2015,Independent House,2026-01-25,108.0,4393200.0,891.62,6-15yrs
4130000,5985,3,1,1,yes,no,yes,no,no,0,no,semi-furnished,Kochi,9,2017,Independent House,2025-01-13,94.3,3828000.0,690.06,6-15yrs
4123000,6060,2,1,1,yes,no,yes,no,no,1,no,semi-furnished,Kochi,1,2025,Independent House,2025-12-31,98.1,3852625.0,680.36,0-5yrs
4098500,3600,3,1,1,yes,no,yes,no,yes,0,yes,furnished,Coimbatore,5,2021,Apartment,2026-02-12,88.0,3564495.0,1138.47,0-5yrs
4095000,3680,3,2,2,yes,no,no,no,no,0,no,semi-furnished,Coimbatore,4,2022,Independent House,2026-02-28,86.5,3564602.0,1112.77,0-5yrs
4095000,4040,2,1,2,yes,no,no,no,no,1,no,semi-furnished,Ahmedabad,1,2025,Independent House,2025-12-07,100.4,4116000.0,1013.61,0-5yrs
4095000,5600,2,1,1,yes,no,no,no,yes,0,no,semi-furnished,Coimbatore,37,1989,Independent House,2025-05-26,86.4,3469455.0,731.25,31-45yrs
4060000,5900,4,2,2,no,no,yes,no,no,1,no,unfurnished,Chennai,32,1994,Independent House,2025-12-26,120.2,4944722.0,688.14,31-45yrs
4060000,4992,3,2,2,yes,no,no,no,no,2,no,unfurnished,Coimbatore,34,1992,Independent House,2025-10-10,85.2,3565662.0,813.3,31-45yrs
4060000,4340,3,1,1,yes,no,no,no,no,0,no,semi-furnished,Coimbatore,28,1998,Independent House,2025-08-07,88.3,3565662.0,935.48,16-30yrs
4060000,3000,4,1,3,yes,no,yes,no,yes,2,no,semi-furnished,Chennai,28,1998,Independent House,2026-01-05,122.4,4944722.0,1353.33,16-30yrs
4060000,4320,3,1,2,yes,no,no,no,no,2,yes,furnished,Ahmedabad,3,2023,Independent House,2026-02-18,106.3,4570192.0,939.81,0-5yrs
4025000,3630,3,2,2,yes,no,no,yes,no,2,no,semi-furnished,Chennai,39,1987,Independent House,2025-01-30,118.4,5071387.0,1108.82,31-45yrs
4025000,3460,3,2,1,yes,no,yes,no,yes,1,no,furnished,Coimbatore,18,2008,Apartment,2026-02-22,95.1,3566723.0,1163.29,16-30yrs
4025000,5400,3,1,1,yes,no,no,no,no,3,no,semi-furnished,Ahmedabad,34,1992,Independent House,2026-02-03,110.7,4571538.0,745.37,31-45yrs
4007500,4500,3,1,2,no,no,yes,no,yes,0,no,semi-furnished,Coimbatore,1,2025,Independent House,2024-07-07,90.1,3567253.0,890.56,0-5yrs
4007500,3460,4,1,2,yes,no,no,no,yes,0,no,semi-furnished,Chennai,9,2017,Independent House,2026-07-07,112.6,4950556.0,1158.24,6-15yrs
3990000,4100,4,1,1,no,no,yes,no,no,0,no,unfurnished,Ahmedabad,1,2025,Independent House,2026-05-17,107.7,4421200.0,973.17,0-5yrs
3990000,6480,3,1,2,no,no,no,no,yes,1,no,semi-furnished,Madurai,2,2024,Independent House,2026-03-08,75.1,2934043.0,615.74,0-5yrs
3990000,4500,3,2,2,no,no,yes,no,yes,0,no,semi-furnished,Coimbatore,27,1999,Independent House,2024-09-01,94.4,3567783.0,886.67,16-30yrs
3990000,3960,3,1,2,yes,no,no,no,no,0,no,furnished,Coimbatore,25,2001,Independent House,2026-06-19,93.3,3567783.0,1007.58,16-30yrs
3990000,4050,2,1,2,yes,yes,yes,no,no,0,yes,unfurnished,Ahmedabad,17,2009,Independent House,2026-07-05,110.3,4124077.0,985.19,16-30yrs
3920000,7260,3,2,1,yes,yes,yes,no,no,3,no,furnished,Ahmedabad,18,2008,Independent House,2026-06-24,105.8,4575577.0,539.94,16-30yrs
3920000,5500,4,1,2,yes,yes,yes,no,no,0,no,semi-furnished,Coimbatore,15,2011,Independent House,2026-06-14,88.9,3591875.0,712.73,6-15yrs
3920000,3000,3,1,2,yes,no,no,no,no,0,no,semi-furnished,Coimbatore,37,1989,Independent House,2026-06-28,88.6,3569905.0,1306.67,31-45yrs
3920000,3290,2,1,1,yes,no,no,yes,no,1,no,furnished,Madurai,16,2010,Apartment,2026-01-25,80.4,2922733.0,1191.49,16-30yrs
3920000,3816,2,1,1,yes,no,yes,no,yes,2,no,furnished,Madurai,6,2020,Apartment,2025-12-02,84.9,2922733.0,1027.25,6-15yrs
3920000,8080,3,1,1,yes,no,no,no,yes,2,no,semi-furnished,Coimbatore,1,2025,Independent House,2026-04-19,92.1,3569905.0,485.15,0-5yrs
3920000,2145,4,2,1,yes,no,yes,no,no,0,yes,unfurnished,Madurai,11,2015,Apartment,2026-03-03,82.4,2809500.0,1827.51,6-15yrs
3885000,3780,2,1,2,yes,yes,yes,no,no,0,no,semi-furnished,Madurai,39,1987,Independent House,2026-06-13,79.8,2923317.0,1027.78,31-45yrs
3885000,3180,4,2,2,yes,no,no,no,no,0,no,furnished,Kochi,33,1993,Independent House,2026-03-27,105.9,3599400.0,1221.7,31-45yrs
3850000,5300,5,2,2,yes,no,no,no,no,0,no,semi-furnished,Madurai,34,1992,Independent House,2026-01-04,84.7,1960000.0,726.42,31-45yrs
3850000,3180,2,2,1,yes,no,yes,no,no,2,no,semi-furnished,Ahmedabad,38,1988,Apartment,2025-08-12,100.2,4134846.0,1210.69,31-45yrs
3850000,7152,3,1,2,yes,no,no,no,yes,0,no,furnished,Madurai,26,2000,Independent House,2026-07-07,80.5,2936843.0,538.31,16-30yrs
3850000,4080,2,1,1,yes,no,no,no,no,0,no,semi-furnished,Madurai,18,2008,Independent House,2026-01-31,84.8,2923900.0,943.63,16-30yrs
3850000,3850,2,1,1,yes,no,no,no,no,0,no,semi-furnished,Coimbatore,30,1996,Apartment,2026-04-10,87.6,3480591.0,1000.0,16-30yrs
3850000,2015,3,1,2,yes,no,yes,no,no,0,yes,semi-furnished,Ahmedabad,15,2011,Independent House,2025-03-15,106.1,4578269.0,1910.67,6-15yrs
3850000,2176,2,1,2,yes,yes,no,no,no,0,yes,semi-furnished,Madurai,27,1999,Independent House,2025-08-27,84.9,2923900.0,1769.3,16-30yrs
3836000,3350,3,1,2,yes,no,no,no,no,0,no,unfurnished,Madurai,34,1992,Independent House,2025-11-27,71.8,2937123.0,1145.07,31-45yrs
3815000,3150,2,2,1,no,no,yes,no,no,0,no,semi-furnished,Kochi,38,1988,Apartment,2026-04-17,97.7,3871875.0,1211.11,31-45yrs
3780000,4820,3,1,2,yes,no,no,no,no,0,no,semi-furnished,Madurai,33,1993,Independent House,2024-11-12,81.8,2938243.0,784.23,31-45yrs
3780000,3420,2,1,2,yes,no,no,yes,no,1,no,semi-furnished,Madurai,24,2002,Independent House,2026-06-26,80.8,2925067.0,1105.26,16-30yrs
3780000,3600,2,1,1,yes,no,no,no,no,0,no,semi-furnished,Kochi,15,2011,Apartment,2026-06-09,98.9,3874062.0,1050.0,6-15yrs
3780000,5830,2,1,1,yes,no,no,no,no,2,no,unfurnished,Coimbatore,30,1996,Independent House,2026-03-05,92.0,3483773.0,648.37,16-30yrs
3780000,2856,3,1,3,yes,no,no,no,no,0,yes,furnished,Madurai,12,2014,Independent House,2026-06-04,82.4,2938243.0,1323.53,6-15yrs
3780000,8400,2,1,1,yes,no,no,no,no,1,no,furnished,Kochi,1,2025,Independent House,2024-07-07,96.9,3874062.0,450.0,0-5yrs
3773000,8250,3,1,1,yes,no,no,no,no,2,no,furnished,Ahmedabad,24,2002,Independent House,2025-06-03,106.9,4581231.0,457.33,16-30yrs
3773000,2520,5,2,1,no,no,yes,no,yes,1,no,furnished,Coimbatore,1,2025,Apartment,2026-04-24,90.1,3773000.0,1497.22,0-5yrs
3773000,6930,4,1,2,no,no,no,no,no,1,no,furnished,Ahmedabad,5,2021,Independent House,2025-11-27,104.3,4464600.0,544.44,0-5yrs
3745000,3480,2,1,1,yes,no,no,no,no,0,yes,semi-furnished,Ahmedabad,17,2009,Apartment,2024-07-07,101.1,4142923.0,1076.15,16-30yrs
3710000,3600,3,1,1,yes,no,no,no,no,1,no,unfurnished,Kochi,10,2016,Apartment,2025-01-15,93.3,3843000.0,1030.56,6-15yrs
3710000,4040,2,1,1,yes,no,no,no,no,0,no,semi-furnished,Madurai,17,2009,Independent House,2025-11-20,78.0,2926233.0,918.32,16-30yrs
3710000,6020,3,1,1,yes,no,no,no,no,0,no,semi-furnished,Kochi,20,2006,Independent House,2024-11-29,98.8,3843000.0,616.28,16-30yrs
3710000,4050,2,1,1,yes,no,no,no,no,0,no,furnished,Kochi,19,2007,Independent House,2024-07-07,97.8,3878438.0,916.05,16-30yrs
3710000,3584,2,1,1,yes,no,no,yes,no,0,no,semi-furnished,Kochi,5,2021,Apartment,2025-08-01,93.6,3878438.0,1035.16,0-5yrs
3703000,3120,3,1,2,no,no,yes,yes,no,0,no,semi-furnished,Kochi,34,1992,Independent House,2026-06-21,99.9,3843250.0,1186.86,31-45yrs
3703000,5450,2,1,1,yes,no,no,no,no,0,no,furnished,Coimbatore,1,2025,Independent House,2026-03-01,94.1,3487273.0,679.45,0-5yrs
3675000,3630,2,1,1,yes,no,yes,no,no,0,no,furnished,Madurai,1,2025,Apartment,2025-04-09,80.2,2926817.0,1012.4,0-5yrs
3675000,3630,2,1,1,yes,no,no,no,yes,0,no,unfurnished,Ahmedabad,10,2016,Apartment,2026-05-03,99.8,4148308.0,1012.4,6-15yrs
3675000,5640,2,1,1,no,no,no,no,no,0,no,semi-furnished,Ahmedabad,11,2015,Independent House,2025-04-20,102.9,4148308.0,651.6,6-15yrs
3675000,3600,2,1,1,yes,no,no,no,no,0,no,furnished,Madurai,18,2008,Apartment,2026-06-05,84.6,2926817.0,1020.83,16-30yrs
3640000,4280,2,1,1,yes,no,no,no,yes,2,no,semi-furnished,Ahmedabad,13,2013,Independent House,2026-06-25,106.6,4151000.0,850.47,6-15yrs
3640000,3570,3,1,2,yes,no,yes,no,no,0,no,semi-furnished,Madurai,31,1995,Independent House,2026-03-08,79.2,2941043.0,1019.61,31-45yrs
3640000,3180,3,1,2,no,no,yes,no,no,0,no,semi-furnished,Ahmedabad,11,2015,Independent House,2026-06-28,109.6,4586346.0,1144.65,6-15yrs
3640000,3000,2,1,2,yes,no,no,no,yes,0,no,furnished,Kochi,8,2018,Independent House,2024-07-07,102.0,3882812.0,1213.33,6-15yrs
3640000,3520,2,2,1,yes,no,yes,no,no,0,no,semi-furnished,Ahmedabad,8,2018,Apartment,2025-04-26,102.8,4151000.0,1034.09,6-15yrs
3640000,5960,3,1,2,yes,yes,yes,no,no,0,no,unfurnished,Madurai,4,2022,Independent House,2025-05-30,79.8,2941043.0,610.74,0-5yrs
3640000,4130,3,2,2,yes,no,no,no,no,2,no,semi-furnished,Madurai,40,1986,Independent House,2025-11-01,80.2,2941043.0,881.36,31-45yrs
3640000,2850,3,2,2,no,no,yes,no,no,0,yes,unfurnished,Madurai,4,2022,Independent House,2026-05-08,80.5,2941043.0,1277.19,0-5yrs
3640000,2275,3,1,3,yes,no,no,yes,yes,0,yes,semi-furnished,Madurai,22,2004,Independent House,2026-01-06,84.9,2941043.0,1600.0,16-30yrs
3633000,3520,3,1,1,yes,no,no,no,no,2,yes,unfurnished,Madurai,3,2023,Apartment,2025-11-22,83.3,2941183.0,1032.1,0-5yrs
3605000,4500,2,1,1,yes,no,no,no,no,0,no,semi-furnished,Coimbatore,32,1994,Independent House,2026-01-02,92.6,3491727.0,801.11,31-45yrs
3605000,4000,2,1,1,yes,no,no,no,no,0,yes,semi-furnished,Coimbatore,3,2023,Independent House,2026-04-23,92.0,3491727.0,901.25,0-5yrs
3570000,3150,3,1,2,yes,no,yes,no,no,0,no,furnished,Kochi,22,2004,Independent House,2026-01-07,103.1,3848000.0,1133.33,16-30yrs
3570000,4500,4,2,2,yes,no,yes,no,no,2,no,furnished,Kochi,24,2002,Independent House,2026-01-20,94.8,3662400.0,793.33,16-30yrs
3570000,4500,2,1,1,no,no,no,no,no,0,no,furnished,Madurai,27,1999,Independent House,2024-07-07,83.1,2928567.0,793.33,16-30yrs
3570000,3640,2,1,1,yes,no,no,no,no,0,no,unfurnished,Madurai,19,2007,Apartment,2024-12-15,75.5,2928567.0,980.77,16-30yrs
3535000,3850,3,1,1,yes,no,no,no,no,2,no,unfurnished,Coimbatore,21,2005,Apartment,2026-02-02,86.0,3581571.0,918.18,16-30yrs
3500000,4240,3,1,2,yes,no,no,no,yes,0,no,semi-furnished,Madurai,2,2024,Independent House,2025-11-06,81.8,2943843.0,825.47,0-5yrs
3500000,3650,3,1,2,yes,no,no,no,no,0,no,unfurnished,Coimbatore,18,2008,Independent House,2025-07-28,91.3,3582632.0,958.9,16-30yrs
3500000,4600,4,1,2,yes,no,no,no,no,0,no,semi-furnished,Coimbatore,28,1998,Independent House,2026-06-29,89.7,3644375.0,760.87,16-30yrs
3500000,2135,3,2,2,no,no,no,no,no,0,no,unfurnished,Coimbatore,22,2004,Independent House,2024-12-21,88.3,3582632.0,1639.34,16-30yrs
3500000,3036,3,1,2,yes,no,yes,no,no,0,no,semi-furnished,Coimbatore,21,2005,Independent House,2025-03-03,88.8,3582632.0,1152.83,16-30yrs
3500000,3990,3,1,2,yes,no,no,no,no,0,no,semi-furnished,Coimbatore,6,2020,Independent House,2026-02-05,94.1,3582632.0,877.19,6-15yrs
3500000,7424,3,1,1,no,no,no,no,no,0,no,unfurnished,Kochi,1,2025,Independent House,2026-03-05,96.8,3850500.0,471.44,0-5yrs
3500000,3480,3,1,1,no,no,no,no,yes,0,no,unfurnished,Madurai,2,2024,Apartment,2026-04-19,87.2,2943843.0,1005.75,0-5yrs
3500000,3600,6,1,2,yes,no,no,no,no,1,no,unfurnished,Coimbatore,12,2014,Independent House,2026-01-27,92.4,3500000.0,972.22,6-15yrs
3500000,3640,2,1,1,yes,no,no,no,no,1,no,semi-furnished,Madurai,26,2000,Apartment,2026-06-26,83.4,2929733.0,961.54,16-30yrs
3500000,5900,2,1,1,yes,no,no,no,no,1,no,furnished,Madurai,29,1997,Independent House,2025-03-17,78.4,2929733.0,593.22,16-30yrs
3500000,3120,3,1,2,yes,no,no,no,no,1,no,unfurnished,Coimbatore,14,2012,Independent House,2026-06-28,92.8,3582632.0,1121.79,6-15yrs
3500000,7350,2,1,1,yes,no,no,no,no,1,no,semi-furnished,Kochi,26,2000,Independent House,2026-03-30,96.5,3891562.0,476.19,16-30yrs
3500000,3512,2,1,1,yes,no,no,no,no,1,yes,unfurnished,Coimbatore,27,1999,Apartment,2024-09-05,86.4,3496500.0,996.58,16-30yrs
3500000,9500,3,1,2,yes,no,no,no,no,3,yes,unfurnished,Kochi,9,2017,Independent House,2025-08-09,99.5,3850500.0,368.42,6-15yrs
3500000,5880,2,1,1,yes,no,no,no,no,0,no,unfurnished,Madurai,26,2000,Independent House,2026-04-16,77.8,2929733.0,595.24,16-30yrs
3500000,12944,3,1,1,yes,no,no,no,no,0,no,unfurnished,Kochi,22,2004,Independent House,2026-04-26,95.7,3850500.0,270.4,16-30yrs
3493000,4900,3,1,2,no,no,no,no,no,0,no,unfurnished,Kochi,30,1996,Independent House,2026-07-06,98.0,3850750.0,712.86,16-30yrs
3465000,3060,3,1,1,yes,no,no,no,no,0,no,unfurnished,Kochi,17,2009,Apartment,2025-09-13,104.7,3851750.0,1132.35,16-30yrs
3465000,5320,2,1,1,yes,no,no,no,no,1,yes,unfurnished,Madurai,26,2000,Independent House,2026-06-25,79.9,2930317.0,651.32,16-30yrs
3465000,2145,3,1,3,yes,no,no,no,no,0,yes,furnished,Madurai,31,1995,Independent House,2025-12-29,80.6,2944543.0,1615.38,31-45yrs
3430000,4000,2,1,1,yes,no,no,no,no,0,no,unfurnished,Kochi,1,2025,Independent House,2024-07-07,100.2,3895938.0,857.5,0-5yrs
3430000,3185,2,1,1,yes,no,no,no,no,2,no,unfurnished,Kochi,8,2018,Apartment,2026-06-09,94.3,3895938.0,1076.92,6-15yrs
3430000,3850,3,1,1,yes,no,no,no,no,0,no,unfurnished,Coimbatore,35,1991,Apartment,2024-12-22,91.3,3584753.0,890.91,31-45yrs
3430000,2145,3,1,3,yes,no,no,no,no,0,yes,furnished,Kochi,10,2016,Independent House,2024-07-07,101.6,3853000.0,1599.07,6-15yrs
3430000,2610,3,1,2,yes,no,yes,no,no,0,yes,unfurnished,Coimbatore,22,2004,Independent House,2026-06-22,89.1,3584753.0,1314.18,16-30yrs
3430000,1950,3,2,2,yes,no,yes,no,no,0,yes,unfurnished,Kochi,14,2012,Independent House,2025-01-17,101.1,3853000.0,1758.97,6-15yrs
3423000,4040,2,1,1,yes,no,no,no,no,0,no,unfurnished,Coimbatore,26,2000,Independent House,2026-01-07,90.9,3500000.0,847.28,16-30yrs
3395000,4785,3,1,2,yes,yes,yes,no,yes,1,no,furnished,Madurai,20,2006,Independent House,2024-11-22,79.8,2945943.0,709.51,16-30yrs
3395000,3450,3,1,1,yes,no,yes,no,no,2,no,unfurnished,Kochi,23,2003,Apartment,2025-12-08,97.4,3854250.0,984.06,16-30yrs
3395000,3640,2,1,1,yes,no,no,no,no,0,no,furnished,Kochi,9,2017,Apartment,2025-10-09,96.9,3898125.0,932.69,6-15yrs
3360000,3500,4,1,2,yes,no,no,no,yes,2,no,unfurnished,Kochi,21,2005,Independent House,2025-12-23,97.7,3704400.0,960.0,16-30yrs
3360000,4960,4,1,3,no,no,no,no,no,0,no,semi-furnished,Kochi,2,2024,Independent House,2025-02-23,98.5,3704400.0,677.42,0-5yrs
3360000,4120,2,1,2,yes,no,no,no,no,0,no,unfurnished,Coimbatore,26,2000,Independent House,2025-08-11,91.8,3502864.0,815.53,16-30yrs
3360000,4750,2,1,1,yes,no,no,no,no,0,no,unfurnished,Kochi,14,2012,Independent House,2026-01-04,99.5,3900312.0,707.37,6-15yrs
3360000,3720,2,1,1,no,no,no,no,yes,0,no,unfurnished,Madurai,4,2022,Apartment,2025-02-16,74.7,2932067.0,903.23,0-5yrs
3360000,3750,3,1,1,yes,no,no,no,no,0,no,unfurnished,Madurai,3,2023,Apartment,2026-04-28,81.7,2946643.0,896.0,0-5yrs
3360000,3100,3,1,2,no,no,yes,no,no,0,no,semi-furnished,Kochi,23,2003,Independent House,2026-05-26,93.5,3855500.0,1083.87,16-30yrs
3360000,3185,2,1,1,yes,no,yes,no,no,2,no,furnished,Madurai,13,2013,Apartment,2026-05-25,81.2,2932067.0,1054.95,6-15yrs
3353000,2700,3,1,1,no,no,no,no,no,0,no,furnished,Kochi,33,1993,Apartment,2026-03-28,97.6,3855750.0,1241.85,31-45yrs
3332000,2145,3,1,2,yes,no,yes,no,no,0,yes,furnished,Kochi,30,1996,Independent House,2026-04-30,100.9,3856500.0,1553.38,16-30yrs
3325000,4040,2,1,1,yes,no,no,no,no,1,no,unfurnished,Madurai,15,2011,Independent House,2024-09-10,81.9,2932650.0,823.02,6-15yrs
3325000,4775,4,1,2,yes,no,no,no,no,0,no,unfurnished,Kochi,25,2001,Independent House,2026-06-10,98.8,3711400.0,696.34,16-30yrs
3290000,2500,2,1,1,no,no,no,no,yes,0,no,unfurnished,Madurai,34,1992,Apartment,2025-09-10,84.4,2933233.0,1316.0,31-45yrs
3290000,3180,4,1,2,yes,no,yes,no,yes,0,no,unfurnished,Coimbatore,25,2001,Independent House,2026-05-16,93.7,3670625.0,1034.59,16-30yrs
3290000,6060,3,1,1,yes,yes,yes,no,no,0,no,furnished,Kochi,5,2021,Independent House,2025-01-20,97.6,3858000.0,542.9,0-5yrs
3290000,3480,4,1,2,no,no,no,no,no,1,no,semi-furnished,Coimbatore,39,1987,Independent House,2024-07-07,90.3,3670625.0,945.4,31-45yrs
3290000,3792,4,1,2,yes,no,no,no,no,0,no,semi-furnished,Madurai,17,2009,Independent House,2026-02-01,82.0,2899500.0,867.62,16-30yrs
3290000,4040,2,1,1,yes,no,no,no,no,0,no,unfurnished,Coimbatore,39,1987,Independent House,2025-01-25,88.4,3506045.0,814.36,31-45yrs
3290000,2145,3,1,2,yes,no,yes,no,no,0,yes,furnished,Coimbatore,17,2009,Independent House,2026-07-06,87.7,3588995.0,1533.8,16-30yrs
3290000,5880,3,1,1,yes,no,no,no,no,1,no,unfurnished,Madurai,26,2000,Independent House,2025-05-05,75.2,2948043.0,559.52,16-30yrs
3255000,4500,2,1,1,no,no,no,no,no,0,no,semi-furnished,Madurai,25,2001,Independent House,2026-05-04,78.8,2933817.0,723.33,16-30yrs
3255000,3930,2,1,1,no,no,no,no,no,0,no,unfurnished,Madurai,17,2009,Apartment,2024-11-16,76.7,2933817.0,828.24,16-30yrs
3234000,3640,4,1,2,yes,no,yes,no,no,0,no,unfurnished,Madurai,13,2013,Independent House,2026-07-07,85.8,2907500.0,888.46,6-15yrs
3220000,4370,3,1,2,yes,no,no,no,no,0,no,unfurnished,Madurai,20,2006,Independent House,2025-12-16,82.6,2949443.0,736.84,16-30yrs
3220000,2684,2,1,1,yes,no,no,no,yes,1,no,unfurnished,Madurai,22,2004,Apartment,2025-07-19,81.6,2934400.0,1199.7,16-30yrs
3220000,4320,3,1,1,no,no,no,no,no,1,no,unfurnished,Coimbatore,4,2022,Independent House,2026-04-24,87.8,3591117.0,745.37,0-5yrs
3220000,3120,3,1,2,no,no,no,no,no,0,no,furnished,Madurai,5,2021,Independent House,2026-05-15,82.1,2949443.0,1032.05,0-5yrs
3150000,3450,1,1,1,yes,no,no,no,no,0,no,furnished,Coimbatore,1,2025,Apartment,2026-06-16,87.5,3150000.0,913.04,0-5yrs
3150000,3986,2,2,1,no,yes,yes,no,no,1,no,unfurnished,Madurai,18,2008,Apartment,2026-03-31,82.5,2935567.0,790.27,16-30yrs
3150000,3500,2,1,1,no,no,yes,no,no,0,no,semi-furnished,Coimbatore,36,1990,Apartment,2025-12-14,90.7,3512409.0,900.0,31-45yrs
3150000,4095,2,1,1,yes,no,no,no,no,2,no,semi-furnished,Coimbatore,22,2004,Independent House,2026-06-07,87.4,3512409.0,769.23,16-30yrs
3150000,1650,3,1,2,no,no,yes,no,no,0,no,unfurnished,Madurai,34,1992,Independent House,2026-03-11,79.4,2950843.0,1909.09,31-45yrs
3150000,3450,3,1,2,yes,no,yes,no,no,0,no,semi-furnished,Madurai,8,2018,Independent House,2026-07-05,84.9,2950843.0,913.04,6-15yrs
3150000,6750,2,1,1,yes,no,no,no,no,0,no,semi-furnished,Madurai,40,1986,Independent House,2025-05-07,81.8,2935567.0,466.67,31-45yrs
3150000,9000,3,1,2,yes,no,no,no,no,2,no,semi-furnished,Coimbatore,19,2007,Independent House,2026-06-03,87.7,3593238.0,350.0,16-30yrs
3150000,3069,2,1,1,yes,no,no,no,no,1,no,unfurnished,Madurai,37,1989,Apartment,2026-04-15,80.9,2935567.0,1026.39,31-45yrs
3143000,4500,3,1,2,yes,no,no,no,yes,0,no,unfurnished,Coimbatore,3,2023,Independent House,2026-07-03,87.0,3593450.0,698.44,0-5yrs
3129000,5495,3,1,1,yes,no,yes,no,no,0,no,unfurnished,Coimbatore,26,2000,Independent House,2026-02-16,89.8,3593874.0,569.43,16-30yrs
3118850,2398,3,1,1,yes,no,no,no,no,0,yes,semi-furnished,Coimbatore,34,1992,Apartment,2025-04-05,92.5,3594182.0,1300.6,31-45yrs
3115000,3000,3,1,1,no,no,no,no,yes,0,no,unfurnished,Madurai,3,2023,Apartment,2026-03-05,81.9,2951543.0,1038.33,0-5yrs
3115000,3850,3,1,2,yes,no,no,no,no,0,no,unfurnished,Madurai,37,1989,Independent House,2026-05-19,89.1,2951543.0,809.09,31-45yrs
3115000,3500,2,1,1,yes,no,no,no,no,0,no,unfurnished,Coimbatore,33,1993,Apartment,2025-07-22,91.3,3514000.0,890.0,31-45yrs
3087000,8100,2,1,1,yes,no,no,no,no,1,no,unfurnished,Coimbatore,22,2004,Independent House,2025-06-14,90.7,3515273.0,381.11,16-30yrs
3080000,4960,2,1,1,yes,no,yes,no,yes,0,no,unfurnished,Madurai,18,2008,Independent House,2026-05-21,79.3,2936733.0,620.97,16-30yrs
3080000,2160,3,1,2,no,no,yes,no,no,0,no,semi-furnished,Coimbatore,6,2020,Independent House,2025-07-04,89.3,3595359.0,1425.93,6-15yrs
3080000,3090,2,1,1,yes,yes,yes,no,no,0,no,unfurnished,Madurai,6,2020,Apartment,2024-07-07,79.7,2936733.0,996.76,6-15yrs
3080000,4500,2,1,2,yes,no,no,yes,no,1,no,semi-furnished,Coimbatore,4,2022,Independent House,2026-05-23,83.5,3515591.0,684.44,0-5yrs
3045000,3800,2,1,1,yes,no,no,no,no,0,no,unfurnished,Madurai,30,1996,Apartment,2025-07-04,84.9,2937317.0,801.32,16-30yrs
3010000,3090,3,1,2,no,no,no,no,no,0,no,semi-furnished,Coimbatore,11,2015,Independent House,2025-09-02,88.5,3597480.0,974.11,6-15yrs
3010000,3240,3,1,2,yes,no,no,no,no,2,no,semi-furnished,Madurai,30,1996,Independent House,2026-01-28,79.7,2953643.0,929.01,16-30yrs
3010000,2835,2,1,1,yes,no,no,no,no,0,no,semi-furnished,Coimbatore,31,1995,Apartment,2026-06-23,90.6,3518773.0,1061.73,31-45yrs
3010000,4600,2,1,1,yes,no,no,no,no,0,no,furnished,Madurai,19,2007,Independent House,2026-06-18,83.5,2937900.0,654.35,16-30yrs
3010000,5076,3,1,1,no,no,no,no,no,0,no,unfurnished,Madurai,9,2017,Independent House,2025-03-16,81.0,2953643.0,592.99,6-15yrs
3010000,3750,3,1,2,yes,no,no,no,no,0,no,unfurnished,Coimbatore,3,2023,Independent House,2024-07-07,90.0,3597480.0,802.67,0-5yrs
3010000,3630,4,1,2,yes,no,no,no,no,3,no,semi-furnished,Coimbatore,31,1995,Independent House,2025-09-29,92.2,3705625.0,829.2,31-45yrs
3003000,8050,2,1,1,yes,no,no,no,no,0,no,unfurnished,Madurai,40,1986,Independent House,2026-02-10,80.9,2938017.0,373.04,31-45yrs
2975000,4352,4,1,2,no,no,no,no,no,1,no,unfurnished,Coimbatore,37,1989,Independent House,2025-10-20,90.9,3710000.0,683.59,31-45yrs
2961000,3000,2,1,2,yes,no,no,no,no,0,no,semi-furnished,Madurai,36,1990,Independent House,2025-11-24,77.0,2938717.0,987.0,31-45yrs
2940000,5850,3,1,2,yes,no,yes,no,no,1,no,unfurnished,Coimbatore,24,2002,Independent House,2026-03-09,86.3,3599602.0,502.56,16-30yrs
2940000,4960,2,1,1,yes,no,no,no,no,0,no,unfurnished,Madurai,31,1995,Independent House,2026-06-21,83.8,2939067.0,592.74,31-45yrs
2940000,3600,3,1,2,no,no,no,no,no,1,no,unfurnished,Madurai,6,2020,Independent House,2025-05-03,78.1,2955043.0,816.67,6-15yrs
2940000,3660,4,1,2,no,no,no,no,no,0,no,unfurnished,Madurai,2,2024,Independent House,2026-03-13,82.7,2949500.0,803.28,0-5yrs
2940000,3480,3,1,2,no,no,no,no,no,1,no,semi-furnished,Madurai,20,2006,Independent House,2025-05-06,81.6,2955043.0,844.83,16-30yrs
2940000,2700,2,1,1,no,no,no,no,no,0,no,furnished,Madurai,23,2003,Apartment,2026-04-26,80.9,2939067.0,1088.89,16-30yrs
2940000,3150,3,1,2,no,no,no,no,no,0,no,unfurnished,Madurai,11,2015,Independent House,2026-07-07,79.5,2955043.0,933.33,6-15yrs
2940000,6615,3,1,2,yes,no,no,no,no,0,no,semi-furnished,Coimbatore,4,2022,Independent House,2026-05-25,92.7,3599602.0,444.44,0-5yrs
2870000,3040,2,1,1,no,no,no,no,no,0,no,unfurnished,Coimbatore,15,2011,Apartment,2026-01-30,95.2,3525136.0,944.08,6-15yrs
2870000,3630,2,1,1,yes,no,no,no,no,0,no,unfurnished,Coimbatore,6,2020,Apartment,2024-07-16,90.9,3525136.0,790.63,6-15yrs
2870000,6000,2,1,1,yes,no,no,no,no,0,no,semi-furnished,Madurai,30,1996,Independent House,2026-06-11,83.0,2940233.0,478.33,16-30yrs
2870000,5400,4,1,2,yes,no,no,no,no,0,no,unfurnished,Madurai,38,1988,Independent House,2025-03-13,80.0,2959500.0,531.48,31-45yrs
2852500,5200,4,1,3,yes,no,no,no,no,0,no,unfurnished,Madurai,2,2024,Independent House,2026-01-01,78.4,2962000.0,548.56,0-5yrs
2835000,3300,3,1,2,no,no,no,no,no,1,no,semi-furnished,Madurai,15,2011,Independent House,2025-04-26,81.9,2957143.0,859.09,6-15yrs
2835000,4350,3,1,2,no,no,no,yes,no,1,no,unfurnished,Coimbatore,11,2015,Independent House,2026-04-10,87.1,3602783.0,651.72,6-15yrs
2835000,2640,2,1,1,no,no,no,no,no,1,no,furnished,Coimbatore,3,2023,Apartment,2025-04-05,84.7,3526727.0,1073.86,0-5yrs
2800000,2650,3,1,2,yes,no,yes,no,no,1,no,unfurnished,Madurai,26,2000,Independent House,2025-07-02,84.4,2957843.0,1056.6,16-30yrs
2800000,3960,3,1,1,yes,no,no,no,no,0,no,furnished,Madurai,1,2025,Apartment,2026-05-03,84.6,2957843.0,707.07,0-5yrs
2730000,6800,2,1,1,yes,no,no,no,no,0,no,unfurnished,Madurai,6,2020,Independent House,2026-06-02,79.4,2942567.0,401.47,6-15yrs
2730000,4000,3,1,2,yes,no,no,no,no,1,no,unfurnished,Madurai,26,2000,Independent House,2025-02-16,82.7,2959243.0,682.5,16-30yrs
2695000,4000,2,1,1,yes,no,no,no,no,0,no,unfurnished,Madurai,4,2022,Independent House,2024-07-07,85.0,2943150.0,673.75,0-5yrs
2660000,3934,2,1,1,yes,no,no,no,no,0,no,unfurnished,Madurai,19,2007,Apartment,2026-06-30,82.6,2943733.0,676.16,16-30yrs
2660000,2000,2,1,2,yes,no,no,no,no,0,no,semi-furnished,Madurai,20,2006,Independent House,2025-08-13,78.4,2943733.0,1330.0,16-30yrs
2660000,3630,3,3,2,no,yes,no,no,no,0,no,unfurnished,Madurai,33,1993,Independent House,2024-11-14,81.3,2960643.0,732.78,31-45yrs
2660000,2800,3,1,1,yes,no,no,no,no,0,no,unfurnished,Madurai,20,2006,Apartment,2025-03-08,86.0,2960643.0,950.0,16-30yrs
2660000,2430,3,1,1,no,no,no,no,no,0,no,unfurnished,Madurai,12,2014,Apartment,2024-07-07,82.7,2960643.0,1094.65,6-15yrs
2660000,3480,2,1,1,yes,no,no,no,no,1,no,semi-furnished,Madurai,1,2025,Apartment,2025-07-16,83.6,2943733.0,764.37,0-5yrs
2660000,4000,3,1,1,yes,no,no,no,no,0,no,semi-furnished,Madurai,26,2000,Independent House,2026-02-12,83.0,2960643.0,665.0,16-30yrs
2653000,3185,2,1,1,yes,no,no,no,yes,0,no,unfurnished,Madurai,11,2015,Apartment,2026-04-05,79.4,2943850.0,832.97,6-15yrs
2653000,4000,3,1,2,yes,no,no,no,yes,0,no,unfurnished,Madurai,35,1991,Independent House,2026-04-02,80.1,2960783.0,663.25,31-45yrs
2604000,2910,2,1,1,no,no,no,no,no,0,no,unfurnished,Madurai,37,1989,Apartment,2025-08-19,83.0,2944667.0,894.85,31-45yrs
2590000,3600,2,1,1,yes,no,no,no,no,0,no,unfurnished,Madurai,11,2015,Apartment,2025-07-30,84.5,2944900.0,719.44,6-15yrs
2590000,4400,2,1,1,yes,no,no,no,no,0,no,unfurnished,Madurai,36,1990,Independent House,2026-05-13,85.3,2944900.0,588.64,31-45yrs
2590000,3600,2,2,2,yes,no,yes,no,no,1,no,furnished,Madurai,8,2018,Independent House,2025-02-16,79.4,2944900.0,719.44,6-15yrs
2520000,2880,3,1,1,no,no,no,no,no,0,no,unfurnished,Madurai,3,2023,Apartment,2025-08-28,83.3,2963443.0,875.0,0-5yrs
2520000,3180,3,1,1,no,no,no,no,no,0,no,unfurnished,Madurai,33,1993,Apartment,2025-12-13,85.6,2963443.0,792.45,31-45yrs
2520000,3000,2,1,2,yes,no,no,no,no,0,no,furnished,Madurai,1,2025,Independent House,2026-01-29,79.0,2946067.0,840.0,0-5yrs
2485000,4400,3,1,2,yes,no,no,no,no,0,no,unfurnished,Madurai,10,2016,Independent House,2025-12-24,86.5,2964143.0,564.77,6-15yrs
2485000,3000,3,1,2,no,no,no,no,no,0,no,semi-furnished,Madurai,5,2021,Independent House,2026-05-25,86.9,2964143.0,828.33,0-5yrs
2450000,3210,3,1,2,yes,no,yes,no,no,0,no,unfurnished,Madurai,23,2003,Independent House,2026-05-12,89.9,2964843.0,763.24,16-30yrs
2450000,3240,2,1,1,no,yes,no,no,no,1,no,unfurnished,Madurai,10,2016,Apartment,2026-06-14,82.7,2947233.0,756.17,6-15yrs
2450000,3000,2,1,1,yes,no,no,no,no,1,no,unfurnished,Madurai,2,2024,Apartment,2026-05-27,82.7,2947233.0,816.67,0-5yrs
2450000,3500,2,1,1,yes,yes,no,no,no,0,no,unfurnished,Madurai,13,2013,Apartment,2026-02-06,84.5,2947233.0,700.0,6-15yrs
2450000,4840,2,1,2,yes,no,no,no,no,0,no,unfurnished,Madurai,40,1986,Independent House,2025-12-31,84.4,2947233.0,506.2,31-45yrs
2450000,7700,2,1,1,yes,no,no,no,no,0,no,unfurnished,Madurai,2,2024,Independent House,2026-07-03,85.4,2947233.0,318.18,0-5yrs
2408000,3635,2,1,1,no,no,no,no,no,0,no,unfurnished,Madurai,20,2006,Apartment,2025-06-04,84.4,2947933.0,662.45,16-30yrs
2380000,2475,3,1,2,yes,no,no,no,no,0,no,furnished,Madurai,1,2025,Independent House,2026-04-11,81.7,2966243.0,961.62,0-5yrs
2380000,2787,4,2,2,yes,no,no,no,no,0,no,furnished,Madurai,32,1994,Independent House,2024-11-07,85.7,3029500.0,853.96,31-45yrs
2380000,3264,2,1,1,yes,no,no,no,no,0,no,unfurnished,Madurai,9,2017,Apartment,2024-07-07,78.8,2948400.0,729.17,6-15yrs
2345000,3640,2,1,1,yes,no,no,no,no,0,no,unfurnished,Madurai,17,2009,Apartment,2026-05-17,82.0,2948983.0,644.23,16-30yrs
2310000,3180,2,1,1,yes,no,no,no,no,0,no,unfurnished,Madurai,9,2017,Apartment,2026-02-02,86.7,2949567.0,726.42,6-15yrs
2275000,1836,2,1,1,no,no,yes,no,no,0,no,semi-furnished,Madurai,11,2015,Apartment,2026-07-07,78.2,2950150.0,1239.11,6-15yrs
2275000,3970,1,1,1,no,no,no,no,no,0,no,unfurnished,Madurai,15,2011,Apartment,2025-11-21,80.0,2275000.0,573.05,6-15yrs
2275000,3970,3,1,2,yes,no,yes,no,no,0,no,unfurnished,Madurai,24,2002,Independent House,2025-11-16,84.0,2968343.0,573.05,16-30yrs
2240000,1950,3,1,1,no,no,no,yes,no,0,no,unfurnished,Madurai,38,1988,Apartment,2026-04-27,83.2,2969043.0,1148.72,31-45yrs
2233000,5300,3,1,1,no,no,no,no,yes,0,yes,unfurnished,Madurai,32,1994,Independent House,2025-12-15,79.4,2969183.0,421.32,31-45yrs
2135000,3000,2,1,1,no,no,no,no,no,0,no,unfurnished,Madurai,30,1996,Apartment,2026-05-05,80.8,2952483.0,711.67,16-30yrs
2100000,2400,3,1,2,yes,no,no,no,no,0,no,unfurnished,Madurai,31,1995,Independent House,2026-05-25,78.5,2971843.0,875.0,31-45yrs
2100000,3000,4,1,2,yes,no,no,no,no,0,no,unfurnished,Madurai,5,2021,Independent House,2025-10-17,84.9,3069500.0,700.0,0-5yrs
2100000,3360,2,1,1,yes,no,no,no,no,1,no,unfurnished,Madurai,14,2012,Apartment,2026-03-31,81.2,2953067.0,625.0,6-15yrs
1960000,3420,5,1,2,no,no,no,no,no,0,no,unfurnished,Madurai,11,2015,Independent House,2025-11-26,87.4,3850000.0,573.1,6-15yrs
1890000,1700,3,1,2,yes,no,no,no,no,0,no,unfurnished,Madurai,9,2017,Independent House,2026-02-16,82.2,2976043.0,1111.76,6-15yrs
1890000,3649,2,1,1,yes,no,no,no,no,0,no,unfurnished,Madurai,34,1992,Apartment,2024-07-07,81.3,2956567.0,517.95,31-45yrs
1855000,2990,2,1,1,no,no,no,no,no,1,no,unfurnished,Madurai,12,2014,Apartment,2026-05-28,81.0,2957150.0,620.4,6-15yrs
1820000,3000,2,1,1,yes,no,yes,no,no,2,no,unfurnished,Madurai,35,1991,Apartment,2026-02-01,81.3,2957733.0,606.67,31-45yrs
1767150,2400,3,1,1,no,no,no,no,no,0,no,semi-furnished,Madurai,35,1991,Apartment,2025-09-25,82.3,2978500.0,736.31,31-45yrs
1750000,3620,2,1,1,yes,no,no,no,no,0,no,unfurnished,Madurai,1,2025,Apartment,2026-03-04,89.5,2958900.0,483.43,0-5yrs
1750000,2910,3,1,1,no,no,no,no,no,0,no,furnished,Madurai,35,1991,Apartment,2024-07-07,81.0,2978843.0,601.37,31-45yrs
1750000,3850,3,1,2,yes,no,no,no,no,0,no,unfurnished,Madurai,22,2004,Independent House,2025-08-22,81.1,2978843.0,454.55,16-30yrs
